"","date","open","high","low","close","volume","adjusted"
"1",2013-01-02,63,63,62.240002,62.860001,12500,52.84584
"2",2013-01-03,63.380001,63.380001,62.860001,63,42000,52.963528
"3",2013-01-04,63,63,62.880001,63,20500,52.963528
"4",2013-01-07,63,63,62.959999,62.959999,3000,52.929909
"5",2013-01-08,62.900002,62.900002,62,62.880001,70300,52.862656
"6",2013-01-09,63.48,63.48,62.220001,62.220001,5200,52.307804
"7",2013-01-10,63.279999,63.279999,62,62,24500,52.122841
"8",2013-01-11,62,62,61.400002,61.68,14000,51.853821
"9",2013-01-14,62,62,61.400002,61.400002,11000,51.618431
"10",2013-01-15,61.400002,61.400002,61.299999,61.299999,1000,51.534363
"11",2013-01-16,61.299999,61.299999,60.799999,60.799999,9900,51.114014
"12",2013-01-17,61.200001,61.200001,60.700001,61,4600,51.282158
"13",2013-01-18,60.900002,61.279999,60.799999,60.799999,3800,51.114014
"14",2013-01-21,61.580002,61.580002,60,60,13200,50.441467
"15",2013-01-22,59.98,59.98,58.099998,59.48,16200,50.004311
"16",2013-01-23,59.5,59.959999,59.5,59.900002,27600,50.357399
"17",2013-01-25,60,60,59.799999,59.799999,4100,50.273323
"18",2013-01-29,59.900002,59.900002,59.5,59.779999,3700,50.256512
"19",2013-01-30,59.799999,59.799999,59.380001,59.380001,28100,49.920235
"20",2013-01-31,59.299999,59.299999,58.380001,58.400002,36000,49.096359
"21",2013-02-04,59.18,59.360001,59,59,24600,49.600773
"22",2013-02-05,59.099998,59.259998,58.98,59.259998,8600,49.819355
"23",2013-02-06,59.400002,59.400002,58.919998,58.959999,17900,49.567146
"24",2013-02-07,59.400002,59.400002,58.82,59.380001,17600,49.920235
"25",2013-02-08,59.560001,59.560001,59.380001,59.560001,5900,50.07156
"26",2013-02-13,59.380001,59.900002,59.380001,59.759998,2900,50.239689
"27",2013-02-14,60,60,59.32,59.560001,5000,50.07156
"28",2013-02-15,59.560001,59.900002,59.560001,59.900002,5900,50.357399
"29",2013-02-18,59.900002,60,58.5,59,11500,49.600773
"30",2013-02-19,59,59.400002,58.700001,58.98,8600,49.583961
"31",2013-02-20,59.099998,59.099998,58.700001,58.700001,6800,49.348564
"32",2013-02-21,58.700001,58.700001,58.279999,58.700001,5800,49.348564
"33",2013-02-22,59.060001,59.880001,59.060001,59.220001,36700,49.785725
"34",2013-02-25,59.700001,59.779999,59.380001,59.419998,51300,49.953857
"35",2013-02-26,59.700001,59.900002,59.459999,59.799999,15900,50.273323
"36",2013-02-27,60,60,59.700001,59.799999,857100,50.273323
"37",2013-02-28,59.900002,59.900002,59.799999,59.880001,121400,50.34058
"38",2013-03-01,59.959999,59.959999,59.880001,59.900002,124500,50.357399
"39",2013-03-04,59.900002,59.900002,59.700001,59.860001,504200,50.323769
"40",2013-03-05,59.860001,59.900002,59.799999,59.82,4500,50.290142
"41",2013-03-06,59.880001,60,59.880001,59.880001,17200,50.34058
"42",2013-03-07,59.900002,59.900002,59.880001,59.880001,3200,50.34058
"43",2013-03-08,59.900002,60.299999,59.900002,60.200001,150200,50.609596
"44",2013-03-11,60.400002,60.419998,60.360001,60.419998,63900,50.794552
"45",2013-03-12,60.5,61.200001,60.5,61.099998,30500,51.366222
"46",2013-03-13,61.080002,61.080002,60.400002,60.5,19500,50.861809
"47",2013-03-14,60.5,60.5,60.400002,60.48,5800,50.844997
"48",2013-03-15,60.48,61,60.48,60.959999,14300,51.24852
"49",2013-03-18,60.419998,60.5,60.099998,60.5,21900,50.861809
"50",2013-03-19,60.259998,60.700001,60.040001,60.700001,36900,51.029945
"51",2013-03-20,60.5,60.799999,60.48,60.619999,36000,50.962696
"52",2013-03-21,60.599998,61.400002,60.599998,60.700001,49800,51.029945
"53",2013-03-22,60.599998,60.720001,60.599998,60.700001,28900,51.029945
"54",2013-03-25,60.700001,60.700001,60.52,60.700001,7600,51.029945
"55",2013-03-26,60.560001,60.700001,60.52,60.619999,30500,50.962696
"56",2013-03-27,60.700001,60.700001,60.639999,60.68,5800,51.013134
"57",2013-03-28,60.68,60.700001,60.5,60.66,54400,50.996323
"58",2013-03-29,60.419998,60.68,60.419998,60.68,2300,51.013134
"59",2013-04-01,60.700001,60.700001,60.419998,60.48,23400,50.844997
"60",2013-04-02,60.68,61,60.599998,61,49300,51.282158
"61",2013-04-03,61,61,60.200001,61,33800,51.282158
"62",2013-04-04,60.5,61,60.439999,60.98,49100,51.265347
"63",2013-04-05,60.700001,60.779999,60.700001,60.779999,2200,51.097202
"64",2013-04-08,60.779999,61,60.540001,60.959999,9600,51.24852
"65",2013-04-09,61.099998,61.099998,60.700001,60.700001,32400,51.029945
"66",2013-04-10,61.299999,61.299999,60.720001,61,72400,51.282158
"67",2013-04-11,61,61.060001,61,61,33800,51.282158
"68",2013-04-12,61,61,60.900002,60.98,23300,51.265347
"69",2013-04-15,61,61,60.98,61,78400,51.282158
"70",2013-04-16,61,61.48,60.959999,61.48,54600,51.68568
"71",2013-04-17,61.48,61.560001,61.48,61.540001,37700,51.736126
"72",2013-04-18,61.459999,61.700001,61.459999,61.700001,39500,51.87064
"73",2013-04-19,61.5,63.5,61.5,63.419998,37100,53.316624
"74",2013-04-22,63.400002,63.400002,61.84,61.84,35800,51.988331
"75",2013-04-23,62.200001,62.200001,61.740002,61.799999,25200,51.9547
"76",2013-04-24,62,62.119999,61.799999,62.060001,69500,52.17329
"77",2013-04-25,62.040001,62.040001,61.400002,61.5,47600,51.702503
"78",2013-04-26,61.599998,61.599998,61.5,61.599998,31500,51.786568
"79",2013-04-29,61.400002,61.5,61.400002,61.400002,31500,51.618431
"80",2013-04-30,61.5,62,61.5,61.799999,104300,51.9547
"81",2013-05-02,62,62.599998,62,62.5,93800,52.54319
"82",2013-05-03,62.5,62.5,62.439999,62.439999,93800,52.492748
"83",2013-05-06,62.900002,63.48,62.439999,63,82200,52.963528
"84",2013-05-07,63,63,62.900002,63,16500,52.963528
"85",2013-05-08,63.400002,64.480003,63.299999,64.400002,13500,54.140507
"86",2013-05-09,63.82,64.599998,63.82,64.199997,15300,53.972363
"87",2013-05-10,64.199997,65,64.199997,65,67400,54.644913
"88",2013-05-13,65.480003,65.839996,65,65,64800,54.644913
"89",2013-05-14,65.5,65.660004,65.019997,65.379997,60300,54.964375
"90",2013-05-15,65.379997,65.379997,65.18,65.199997,7300,54.813053
"91",2013-05-16,65.099998,65.400002,64.900002,65.099998,15300,54.728981
"92",2013-05-17,64.900002,65.18,64.900002,65.099998,29000,54.728981
"93",2013-05-20,65.599998,65.599998,65.099998,65.099998,26000,54.728981
"94",2013-05-21,64.220001,64.220001,63.400002,63.5,35000,54.685928
"95",2013-05-22,63.5,63.52,63.459999,63.48,45100,54.668701
"96",2013-05-23,63.52,63.98,63.48,63.580002,82300,54.754829
"97",2013-05-27,63.580002,64.080002,63.259998,64.080002,67900,55.185421
"98",2013-05-28,64.080002,64.139999,64.059998,64.099998,40700,55.202644
"99",2013-05-29,64.5,64.5,64.5,64.5,3500,55.547127
"100",2013-05-30,64.5,65,64.160004,65,11900,55.977718
"101",2013-05-31,65.300003,65.900002,65.300003,65.5,37800,56.408318
"102",2013-06-03,66.699997,66.699997,65,66,29000,56.838917
"103",2013-06-04,66,66.379997,65.980003,66,9100,56.838917
"104",2013-06-05,65.900002,66.300003,65,65.019997,16300,55.994949
"105",2013-06-06,65.019997,65.699997,65,65.699997,74800,56.580555
"106",2013-06-07,65.699997,65.699997,65.400002,65.5,13100,56.408318
"107",2013-06-10,66,66,65.099998,65.540001,13800,56.442772
"108",2013-06-11,65.540001,65.599998,65.400002,65.5,6300,56.408318
"109",2013-06-12,65.220001,65.900002,65.059998,65.900002,9800,56.752796
"110",2013-06-13,65.900002,66,65.059998,65.059998,17000,56.029388
"111",2013-06-14,65.860001,65.860001,65.5,65.860001,37700,56.718361
"112",2013-06-17,65.5,65.860001,65.5,65.860001,600,56.718361
"113",2013-06-18,65.879997,65.879997,65.860001,65.860001,1700,56.718361
"114",2013-06-19,65.860001,65.860001,65.519997,65.82,11100,56.683903
"115",2013-06-20,65.519997,65.82,65.5,65.800003,5000,56.666679
"116",2013-06-21,65.599998,66.699997,65.440002,66.699997,24300,57.441753
"117",2013-06-24,66.599998,66.699997,65.5,65.699997,27700,56.580555
"118",2013-06-25,65.699997,65.699997,65.519997,65.68,52500,56.563324
"119",2013-06-26,66,66.300003,66,66.300003,10500,57.097279
"120",2013-06-27,66.32,67,66.32,66.800003,16700,57.527874
"121",2013-06-28,66.82,67,66.82,67,12700,57.700119
"122",2013-07-01,67.199997,68.379997,67.199997,68.379997,6700,58.888569
"123",2013-07-02,68.5,69.199997,68.5,69.099998,13600,59.508625
"124",2013-07-03,69.099998,69.199997,68,68.980003,24000,59.405293
"125",2013-07-04,68.980003,69.059998,67.599998,69,5600,59.422508
"126",2013-07-05,69,69,68.980003,68.980003,200,59.405293
"127",2013-07-08,68.980003,68.980003,67.5,68.099998,7000,58.64743
"128",2013-07-09,68.099998,69,67.699997,69,7000,59.422508
"129",2013-07-10,67.5,68.599998,67.5,68.32,11900,58.836895
"130",2013-07-11,68.120003,68.980003,68.120003,68.980003,900,59.405293
"131",2013-07-12,68.980003,69.199997,68.599998,69,3900,59.422508
"132",2013-07-15,68.599998,68.879997,68.599998,68.599998,7500,59.078026
"133",2013-07-16,68.599998,68.900002,68.300003,68.440002,7300,58.940235
"134",2013-07-17,68.839996,68.839996,68.360001,68.360001,42000,58.871338
"135",2013-07-18,68.5,68.5,68.059998,68.360001,16000,58.871338
"136",2013-07-19,68.760002,68.900002,68.360001,68.879997,3500,59.319157
"137",2013-07-22,68.879997,68.879997,68,68.800003,5600,59.250275
"138",2013-07-23,68.699997,68.800003,68.699997,68.760002,61200,59.215824
"139",2013-07-24,68.599998,68.779999,68.519997,68.779999,1800,59.233051
"140",2013-07-25,68.800003,68.800003,68.739998,68.800003,69800,59.250275
"141",2013-07-26,68.900002,68.900002,68.5,68.599998,6500,59.078026
"142",2013-07-29,68.279999,68.400002,68.199997,68.300003,49000,58.819679
"143",2013-07-30,68.199997,68.199997,68,68,9300,58.56131
"144",2013-07-31,67.720001,68,67.540001,67.660004,4500,58.268505
"145",2013-08-01,67.660004,67.699997,67.660004,67.699997,8700,58.302952
"146",2013-08-02,67.760002,67.900002,67.599998,67.760002,8800,58.354626
"147",2013-08-05,67.800003,67.800003,67.199997,67.300003,3300,57.958477
"148",2013-08-06,67.5,67.5,67.300003,67.339996,20700,57.992924
"149",2013-08-12,69,69,67.900002,68.400002,6700,58.905796
"150",2013-08-13,68.300003,68.400002,68,68,7400,58.56131
"151",2013-08-14,68,68,67.5,67.68,5900,58.285732
"152",2013-08-15,67.68,68.199997,67.660004,67.660004,1200,58.268505
"153",2013-08-16,67.68,67.68,67.5,67.559998,5300,58.182384
"154",2013-08-19,67.559998,68,67.419998,67.82,5800,58.406284
"155",2013-08-20,67.800003,67.800003,67.5,67.779999,32600,58.371849
"156",2013-08-21,67.779999,68,67.639999,67.779999,4400,58.371849
"157",2013-08-22,67.599998,67.699997,67.5,67.540001,9100,58.165165
"158",2013-08-23,67.800003,68.199997,67.599998,68.18,7800,58.716331
"159",2013-08-26,68.220001,68.300003,68.220001,68.260002,28300,58.785221
"160",2013-08-27,68.339996,68.5,68.120003,68.220001,86100,58.750771
"161",2013-08-28,67.699997,67.800003,67,67.5,115900,58.130711
"162",2013-08-29,67.5,68,67.5,68,6600,58.56131
"163",2013-08-30,68,68,67.540001,67.540001,5200,58.165165
"164",2013-09-02,67.5,67.5,67.400002,67.400002,19000,58.044594
"165",2013-09-03,67.5,67.599998,67.379997,67.419998,48000,58.06181
"166",2013-09-04,67.300003,67.440002,67.300003,67.400002,46400,58.044594
"167",2013-09-05,67.400002,67.459999,67.260002,67.400002,12600,58.044594
"168",2013-09-06,67.32,67.32,66.900002,67,18900,57.700119
"169",2013-09-09,67.699997,67.879997,67.699997,67.860001,1800,58.440739
"170",2013-09-10,67.800003,67.800003,67.379997,67.739998,1900,58.857811
"171",2013-09-11,67.739998,67.739998,67.379997,67.699997,5900,58.823051
"172",2013-09-12,67.699997,67.739998,67.379997,67.739998,5900,58.857811
"173",2013-09-13,67.739998,67.739998,67.199997,67.199997,4800,58.388611
"174",2013-09-17,67.739998,67.760002,67.699997,67.699997,2100,58.823051
"175",2013-09-18,67.699997,68.099998,67.699997,68,5500,59.083714
"176",2013-09-19,68.480003,68.480003,67.800003,67.800003,500,58.909935
"177",2013-09-20,67.800003,68,67.800003,67.800003,3800,58.909935
"178",2013-09-23,67.839996,67.839996,67.800003,67.800003,1500,58.909935
"179",2013-09-24,67.839996,67.839996,67.800003,67.800003,4300,58.909935
"180",2013-09-25,67.720001,68,67.519997,68,12000,59.083714
"181",2013-09-26,68,68,67.379997,68,2800,59.083714
"182",2013-09-27,68,68,67.800003,68,2400,59.083714
"183",2013-09-30,68,68,68,68,3600,59.083714
"184",2013-10-01,67.300003,67.980003,67.300003,67.980003,2700,59.066341
"185",2013-10-02,67.699997,68,67.699997,68,1800,59.083714
"186",2013-10-03,68,68,68,68,11000,59.083714
"187",2013-10-04,68,68.379997,68,68.099998,5600,59.170601
"188",2013-10-07,68.059998,68.199997,67.800003,68.199997,5100,59.257481
"189",2013-10-08,67.800003,68.360001,67.800003,68.360001,8900,59.396511
"190",2013-10-09,68.019997,68.339996,68,68.199997,1400,59.257481
"191",2013-10-10,68.300003,68.300003,67.800003,67.800003,3000,58.909935
"192",2013-10-11,68.199997,68.199997,67.720001,67.800003,7300,58.909935
"193",2013-10-14,68.32,68.32,67.779999,68,3000,59.083714
"194",2013-10-16,68,68.18,67.5,68.019997,12300,59.101086
"195",2013-10-17,67.980003,68.5,67.980003,68.5,2600,59.51815
"196",2013-10-18,68,68.440002,68,68.199997,3400,59.257481
"197",2013-10-21,68.199997,68.199997,68,68,1900,59.083714
"198",2013-10-22,68,68.5,67.800003,68.5,7200,59.51815
"199",2013-10-23,68.480003,68.480003,68,68.199997,2900,59.257481
"200",2013-10-24,68.199997,68.300003,68,68.199997,1800,59.257481
"201",2013-10-25,68.300003,68.300003,68,68.199997,2800,59.257481
"202",2013-10-28,68,68.300003,68,68,3400,59.083714
"203",2013-10-29,68,68.5,68,68.160004,7600,59.222736
"204",2013-10-30,68.199997,68.199997,67.800003,67.800003,2200,58.909935
"205",2013-10-31,67.800003,68,67.800003,68,2800,59.083714
"206",2013-11-01,68.300003,68.440002,68.199997,68.440002,2600,59.466019
"207",2013-11-04,68.5,68.5,68.440002,68.440002,800,59.466019
"208",2013-11-06,68.199997,68.5,68.199997,68.5,2300,59.51815
"209",2013-11-07,68.5,68.699997,68.300003,68.699997,7000,59.691921
"210",2013-11-08,68.699997,68.800003,68.699997,68.800003,2900,59.778824
"211",2013-11-11,68.5,68.699997,68.5,68.699997,3100,59.691921
"212",2013-11-12,68.699997,68.800003,68.199997,68.599998,6400,59.605042
"213",2013-11-13,68.720001,69,68.599998,69,4800,59.952595
"214",2013-11-14,69,69.5,69,69.379997,1600,60.282768
"215",2013-11-15,69.379997,69.379997,69.199997,69.220001,1800,60.143738
"216",2013-11-18,69.379997,69.5,69.339996,69.440002,30000,60.334904
"217",2013-11-19,69.440002,69.440002,69.400002,69.400002,4000,60.300148
"218",2013-11-20,69.379997,69.379997,68.260002,68.800003,5600,59.778824
"219",2013-11-21,69,69.379997,69,69.360001,3100,60.265392
"220",2013-11-22,69.360001,69.360001,68.419998,69.300003,6300,60.213257
"221",2013-11-25,69.32,69.32,69.199997,69.300003,2000,60.213257
"222",2013-11-26,69,69.300003,68.519997,69,2600,59.952595
"223",2013-11-27,69.099998,69.099998,68.400002,68.879997,8200,59.84832
"224",2013-11-28,68.540001,69,68.540001,68.900002,900,59.865707
"225",2013-11-29,68.900002,68.900002,68.5,68.5,3700,59.51815
"226",2013-12-02,68,68.099998,68,68,4500,59.083714
"227",2013-12-03,68,68,67.699997,67.980003,5400,59.066341
"228",2013-12-04,68,68,68,68,2900,59.083714
"229",2013-12-05,67.800003,68,67.720001,67.760002,17500,58.875187
"230",2013-12-06,67.599998,67.599998,67.160004,67.160004,12700,58.353855
"231",2013-12-09,67.5,67.5,66.699997,66.699997,31400,57.954166
"232",2013-12-10,66.720001,67,66.68,67,31600,58.21484
"233",2013-12-11,67.019997,67.199997,66.879997,66.879997,16600,58.110565
"234",2013-12-12,66.900002,66.940002,66.800003,66.900002,2100,58.127956
"235",2013-12-13,66.800003,67.980003,66.800003,67.980003,3300,59.066341
"236",2013-12-16,66.68,68,66.68,67.919998,2800,59.014198
"237",2013-12-17,68,68,67.800003,67.919998,82600,59.014198
"238",2013-12-18,67,68.199997,67,68,6900,59.083714
"239",2013-12-19,68.300003,68.300003,68.279999,68.300003,2800,59.344391
"240",2013-12-20,68.5,68.5,68.300003,68.400002,14400,59.431271
"241",2013-12-23,68.779999,68.779999,68.400002,68.699997,600,59.691921
"242",2013-12-24,68.68,68.68,68.339996,68.339996,300,59.379135
"243",2013-12-26,68.699997,68.699997,68,68,2600,59.083714
"244",2013-12-27,68,68.199997,68,68.199997,17800,59.257481
"245",2013-12-30,68,68.5,68,68.5,15400,59.51815
"246",2013-12-31,68.760002,68.760002,67.800003,68,20900,59.083714
"247",2014-01-02,68.300003,68.300003,68,68,70800,59.083714
"248",2014-01-03,68.279999,68.279999,67.800003,67.959999,1400,59.048962
"249",2014-01-06,67.519997,68.199997,67.519997,68,22200,59.083714
"250",2014-01-07,67.5,68.099998,67.5,68,44300,59.083714
"251",2014-01-08,67.519997,68.019997,67.519997,68,31800,59.083714
"252",2014-01-09,68,68,67.959999,68,65300,59.083714
"253",2014-01-10,67.620003,68.099998,67.620003,68,23200,59.083714
"254",2014-01-13,68,68,67.900002,68,6200,59.083714
"255",2014-01-15,68,68,67.620003,67.800003,2100,58.909935
"256",2014-01-16,68.199997,68.199997,67.639999,67.68,1100,58.805676
"257",2014-01-20,67.980003,67.980003,67.900002,67.959999,101800,59.048962
"258",2014-01-21,67.900002,68,67.800003,68,101900,59.083714
"259",2014-01-22,67.900002,68,67.720001,67.900002,200900,58.996826
"260",2014-01-23,67.800003,67.800003,67,67.379997,7600,58.544998
"261",2014-01-24,67.220001,67.5,67.199997,67.419998,2000,58.579762
"262",2014-01-27,67.080002,67.300003,66.800003,67.300003,46600,58.475502
"263",2014-01-28,67.120003,67.32,67.059998,67.279999,15500,58.458118
"264",2014-01-29,68,68.160004,67.400002,67.559998,20700,58.701405
"265",2014-01-30,67.559998,68.300003,67,67.559998,24500,58.701405
"266",2014-02-03,67.559998,67.559998,67.559998,67.559998,0,58.701405
"267",2014-02-04,67.559998,67.559998,67.559998,67.559998,3700,58.701405
"268",2014-02-05,66.760002,67.580002,66.760002,67.559998,108100,58.701405
"269",2014-02-06,67,67.959999,67,67.959999,21600,59.048962
"270",2014-02-07,67.040001,67.040001,67.040001,67.040001,200,58.249584
"271",2014-02-10,67.120003,67.120003,67,67,155500,58.21484
"272",2014-02-11,67,67.019997,66.980003,67,238300,58.21484
"273",2014-02-12,67,67.099998,66.980003,67,171100,58.21484
"274",2014-02-13,66.940002,67,66.940002,67,168100,58.21484
"275",2014-02-14,67.559998,67.559998,66.32,66.32,18900,57.624001
"276",2014-02-17,66.32,66.980003,66.199997,66.199997,337300,57.519733
"277",2014-02-18,66.300003,66.5,66.260002,66.279999,294400,57.589237
"278",2014-02-19,66.400002,66.480003,66.120003,66.120003,18200,57.450233
"279",2014-02-20,66.779999,66.779999,65.419998,65.599998,575800,56.998409
"280",2014-02-21,65.699997,66.160004,65.599998,66.160004,254400,57.484978
"281",2014-02-24,66.019997,66.279999,66,66,2400,57.345959
"282",2014-02-25,66.160004,66.800003,66.040001,66.059998,24700,57.398087
"283",2014-02-26,66.699997,66.82,66,66.599998,24300,57.867283
"284",2014-02-27,66.599998,67,66.599998,66.800003,2500,58.041058
"285",2014-02-28,66.800003,67,66.620003,66.800003,1500,58.041058
"286",2014-03-03,66.800003,67,66.720001,66.720001,515600,57.971554
"287",2014-03-04,66.699997,66.800003,66.5,66.660004,606200,57.919426
"288",2014-03-05,66.540001,67.599998,66.519997,67.220001,4700,58.405987
"289",2014-03-06,67.220001,67.260002,67.099998,67.239998,8300,58.423367
"290",2014-03-07,67.239998,67.260002,67.120003,67.199997,4100,58.388611
"291",2014-03-10,67.199997,67.199997,66.800003,66.800003,10600,58.041058
"292",2014-03-11,67,68,66.5,68,24400,59.083714
"293",2014-03-12,68,68,67.599998,67.699997,13700,58.823051
"294",2014-03-13,67.800003,67.800003,67.599998,67.599998,1100,58.736156
"295",2014-03-14,67.459999,67.459999,66.800003,66.900002,513600,58.127956
"296",2014-03-17,67,67.800003,67,67.5,4800,58.649273
"297",2014-03-18,67.699997,67.699997,67,67.5,5700,58.649273
"298",2014-03-19,67.760002,67.760002,67.5,67.5,2600,58.649273
"299",2014-03-20,67.839996,67.839996,67.580002,67.68,3000,58.805676
"300",2014-03-21,67.580002,67.800003,67.400002,67.400002,3800,58.562386
"301",2014-03-24,67.400002,67.699997,67.099998,67.699997,1300,58.823051
"302",2014-03-25,67.68,67.68,66.800003,67.019997,1300,58.232204
"303",2014-03-26,67,67.459999,66.5,66.760002,33200,58.00631
"304",2014-03-27,66.760002,66.800003,66.480003,66.580002,23100,57.849907
"305",2014-03-28,66.800003,67,66.580002,66.68,39100,57.936798
"306",2014-03-31,66.699997,66.739998,66.519997,66.68,59700,57.936798
"307",2014-04-01,66.519997,66.660004,66.440002,66.440002,15800,57.728271
"308",2014-04-02,66.519997,66.739998,66.519997,66.540001,135800,57.815155
"309",2014-04-03,67,67,66.540001,66.660004,3700,57.919426
"310",2014-04-04,66.660004,66.68,66.540001,66.660004,76500,57.919426
"311",2014-04-07,66.660004,66.739998,66.5,66.660004,112900,57.919426
"312",2014-04-08,66.879997,66.879997,66.660004,66.699997,42200,57.954166
"313",2014-04-09,67,68,67,67.980003,21000,59.066341
"314",2014-04-10,68,68,67.5,67.959999,1900,59.048962
"315",2014-04-11,67.959999,67.959999,67.120003,67.239998,4000,58.423367
"316",2014-04-14,67.220001,68.300003,67,68.279999,15400,59.326996
"317",2014-04-15,68.400002,68.400002,68.379997,68.379997,2400,59.413891
"318",2014-04-16,68.580002,68.660004,68.5,68.5,2600,59.51815
"319",2014-04-17,68.5,69,68.5,68.699997,7800,59.691921
"320",2014-04-18,69,69,68.400002,68.5,1400,59.51815
"321",2014-04-21,68.900002,68.900002,68.5,68.5,2700,59.51815
"322",2014-04-22,68.599998,68.800003,68.5,68.5,1600,59.51815
"323",2014-04-23,68.5,68.900002,68.5,68.559998,7000,59.57029
"324",2014-04-24,68.540001,68.580002,68.5,68.5,6500,59.51815
"325",2014-04-25,68.519997,68.519997,68.400002,68.400002,3000,59.431271
"326",2014-04-28,68.400002,68.400002,68,68.400002,2000,59.431271
"327",2014-04-29,68.940002,69,68.419998,68.459999,500,59.483402
"328",2014-04-30,68.5,68.5,67.980003,68.5,13700,59.51815
"329",2014-05-02,68.5,68.5,68.5,68.5,2100,59.51815
"330",2014-05-05,68.199997,69,68.199997,68.980003,6300,59.935223
"331",2014-05-06,69.099998,69.099998,69,69,4200,59.952595
"332",2014-05-07,69.099998,69.199997,69.019997,69.18,16200,60.108994
"333",2014-05-08,69.199997,69.480003,69,69.379997,3100,60.282768
"334",2014-05-09,69.300003,69.400002,69,69.32,19300,60.230637
"335",2014-05-12,68.099998,68.099998,67.300003,67.32,5900,60.00779
"336",2014-05-14,67.32,67.599998,67,67.239998,9000,59.936478
"337",2014-05-15,68,68.199997,67.540001,68,8200,60.613937
"338",2014-05-16,67.519997,68.080002,67.5,68.080002,15700,60.685246
"339",2014-05-19,67.959999,68.080002,67.900002,68.080002,5400,60.685246
"340",2014-05-20,68.080002,68.080002,68,68,10100,60.613937
"341",2014-05-21,68,68,68,68,0,60.613937
"342",2014-05-22,68.080002,68.080002,67.599998,67.599998,4400,60.257374
"343",2014-05-23,68.080002,68.099998,68,68.099998,2600,60.703056
"344",2014-05-26,68.099998,68.099998,67.800003,67.800003,300,60.435658
"345",2014-05-27,67.800003,67.800003,67.720001,67.779999,1500,60.417824
"346",2014-05-28,67.519997,67.580002,67.519997,67.519997,900,60.186069
"347",2014-05-29,67,67.199997,67,67.199997,1200,59.900822
"348",2014-05-30,67.260002,67.699997,67.260002,67.260002,1900,59.954311
"349",2014-06-02,67.260002,67.260002,67.099998,67.099998,6700,59.81168
"350",2014-06-03,67.199997,67.199997,67.019997,67.019997,2100,59.740372
"351",2014-06-04,67.199997,67.199997,67,67.099998,5700,59.81168
"352",2014-06-05,67,67.099998,66.5,67.099998,25500,59.81168
"353",2014-06-06,67,67,67,67,100,59.722549
"354",2014-06-09,68.18,68.18,67,67,1800,59.722549
"355",2014-06-10,67.5,67.5,67.199997,67.199997,1800,59.900822
"356",2014-06-11,67.099998,67.099998,66.519997,67,6400,59.722549
"357",2014-06-12,67,67,66.5,66.900002,8800,59.633411
"358",2014-06-13,66.900002,67,66.900002,66.900002,2600,59.633411
"359",2014-06-16,67,67,66.699997,67,4200,59.722549
"360",2014-06-17,66.800003,67,66.699997,66.800003,9600,59.544273
"361",2014-06-18,67.099998,67.300003,67,67.099998,1900,59.81168
"362",2014-06-19,67.199997,67.199997,67.199997,67.199997,8100,59.900822
"363",2014-06-20,67.199997,67.199997,63.5,63.5,85300,56.602711
"364",2014-06-23,65.800003,66.300003,65.300003,66.300003,28400,59.098583
"365",2014-06-24,66.400002,67,66.400002,66.400002,6300,59.187717
"366",2014-06-25,66.400002,66.419998,66.339996,66.360001,4200,59.152065
"367",2014-06-26,66.5,66.900002,66.5,66.900002,5800,59.633411
"368",2014-06-27,67,67.400002,66.839996,67.400002,6100,60.079098
"369",2014-06-30,67.379997,67.379997,67,67,1800,59.722549
"370",2014-07-01,67.099998,67.199997,66.599998,67,1700,59.722549
"371",2014-07-02,66.980003,66.980003,66.519997,66.959999,3700,59.686893
"372",2014-07-03,66.959999,67.239998,66.959999,67.239998,5000,59.936478
"373",2014-07-04,67.300003,67.32,67.199997,67.32,6000,60.00779
"374",2014-07-07,67.32,67.459999,67.32,67.459999,1700,60.132584
"375",2014-07-08,67,67.5,66.400002,66.400002,10900,59.187717
"376",2014-07-09,66.519997,66.980003,66.519997,66.699997,2000,59.455132
"377",2014-07-10,66.800003,66.800003,66.5,66.5,2700,59.276852
"378",2014-07-11,66.800003,66.959999,66.699997,66.860001,4500,59.597752
"379",2014-07-14,66.860001,67.099998,66.860001,67,21000,59.722549
"380",2014-07-16,67,67.300003,67,67.199997,17600,59.900822
"381",2014-07-17,67.199997,67.199997,67.199997,67.199997,0,59.900822
"382",2014-07-18,67.199997,67.199997,66.419998,66.459999,700,59.241199
"383",2014-07-21,66.699997,67,66.599998,66.639999,1500,59.401657
"384",2014-07-22,66.660004,67.599998,66.639999,67.5,1500,60.168243
"385",2014-07-23,67.5,67.5,66.739998,66.739998,1100,59.49078
"386",2014-07-24,66.760002,67.260002,66.720001,66.82,3100,59.562092
"387",2014-07-25,66.839996,67.099998,66.839996,67.099998,800,59.81168
"388",2014-07-30,67.099998,67.099998,66.900002,67,1800,59.722549
"389",2014-07-31,66.519997,67.099998,66.5,67.099998,3500,59.81168
"390",2014-08-01,67,67,66.68,66.900002,1800,59.633411
"391",2014-08-04,66.879997,67.099998,66.400002,67.099998,19400,59.81168
"392",2014-08-05,67,67.099998,66.620003,67,22100,59.722549
"393",2014-08-06,67,67,67,67,200,59.722549
"394",2014-08-07,67,67.300003,67,67.300003,1100,59.989967
"395",2014-08-08,67,67.260002,67,67.260002,2600,59.954311
"396",2014-08-11,67,67.440002,67,67.400002,6500,60.079098
"397",2014-08-12,67.5,67.699997,67.419998,67.699997,3700,60.346508
"398",2014-08-13,67.699997,67.800003,67.68,67.699997,29500,60.346508
"399",2014-08-14,67.699997,67.800003,67.599998,67.800003,302000,60.435658
"400",2014-08-15,67.800003,67.980003,67.800003,67.940002,2400,60.560444
"401",2014-08-18,67.879997,68.5,67.879997,68.5,8200,61.059616
"402",2014-08-19,68.5,68.519997,68.400002,68.400002,119000,60.97049
"403",2014-08-20,68.400002,68.400002,68.360001,68.360001,207100,60.934818
"404",2014-08-21,68.980003,68.980003,68,68.360001,301100,60.934818
"405",2014-08-22,68.400002,68.5,68.040001,68.5,1300,61.059616
"406",2014-08-25,68.400002,68.400002,68.220001,68.400002,2300,60.97049
"407",2014-08-26,68.400002,68.400002,68.300003,68.400002,3300,60.97049
"408",2014-08-27,68.599998,68.800003,68.400002,68.400002,51000,60.97049
"409",2014-08-28,68.5,68.800003,68.400002,68.5,253400,61.059616
"410",2014-08-29,67.5,67.5,67,67.32,5500,60.538055
"411",2014-09-02,67.32,67.32,67.199997,67.199997,2300,60.43013
"412",2014-09-03,67.199997,67.300003,67.099998,67.300003,75900,60.520077
"413",2014-09-04,67.300003,67.300003,67.199997,67.260002,86900,60.484093
"414",2014-09-05,67.300003,67.300003,67.199997,67.199997,2000,60.43013
"415",2014-09-08,67.099998,67.099998,66.82,66.900002,5000,60.160366
"416",2014-09-09,66.900002,67,66.800003,66.800003,107900,60.070442
"417",2014-09-10,66.800003,67,66.779999,67,300,60.250286
"418",2014-09-11,67.5,67.5,66.800003,67.080002,133600,60.322227
"419",2014-09-12,67.5,67.599998,66.900002,67.5,103200,60.699913
"420",2014-09-15,67,67,67,67,700,60.250286
"421",2014-09-17,66.959999,67.18,66.779999,66.800003,204100,60.070442
"422",2014-09-18,66.800003,67,66.779999,66.779999,1700,60.052444
"423",2014-09-19,66.779999,66.82,66.699997,66.800003,105800,60.070442
"424",2014-09-22,66.699997,66.699997,66.040001,66.400002,9300,59.710732
"425",2014-09-23,66.400002,66.400002,66.260002,66.300003,219700,59.620808
"426",2014-09-24,66.300003,66.339996,66.199997,66.300003,21300,59.620808
"427",2014-09-25,66.5,66.5,66.300003,66.300003,68800,59.620808
"428",2014-09-26,66.220001,66.599998,66.220001,66.400002,7000,59.710732
"429",2014-09-29,66.699997,66.699997,66.300003,66.400002,343700,59.710732
"430",2014-09-30,66.400002,66.900002,66.199997,66.400002,1400,59.710732
"431",2014-10-01,66.400002,66.400002,66.260002,66.260002,100400,59.584843
"432",2014-10-02,66,66.559998,66,66.32,166000,59.63879
"433",2014-10-03,66.32,66.699997,66.32,66.519997,4300,59.818638
"434",2014-10-07,66.800003,66.800003,66.540001,66.800003,3700,60.070442
"435",2014-10-08,66.699997,67.5,66.300003,67.199997,313900,60.43013
"436",2014-10-09,67.5,67.5,66.599998,67.099998,201500,60.34021
"437",2014-10-10,66.519997,67.5,66.519997,67.099998,2000,60.34021
"438",2014-10-13,67.099998,67.099998,66.339996,67,8000,60.250286
"439",2014-10-14,67,67.099998,66.5,66.5,1700,59.800655
"440",2014-10-15,66.639999,66.660004,66.300003,66.300003,6500,59.620808
"441",2014-10-16,66,66.68,65.900002,66.239998,7100,59.566849
"442",2014-10-17,66.68,66.839996,66.32,66.800003,23100,60.070442
"443",2014-10-20,67,67,66.760002,67,11400,60.250286
"444",2014-10-21,67,67.5,67,67.5,13400,60.699913
"445",2014-10-22,67.5,67.5,67.5,67.5,0,60.699913
"446",2014-10-24,67.760002,68.019997,66,68,13400,61.149548
"447",2014-10-27,68,68,68,68,100,61.149548
"448",2014-10-28,68,68.5,68,68.5,21500,61.599186
"449",2014-10-29,68.5,68.5,67.699997,67.699997,600,60.879768
"450",2014-10-30,68,68.059998,67.900002,68,26600,61.149548
"451",2014-10-31,68,68.5,67.699997,68.5,3000,61.599186
"452",2014-11-03,68.32,69,68.32,69,26500,62.048809
"453",2014-11-04,69,69,68.32,68.32,700,61.437309
"454",2014-11-05,69.199997,69.199997,68.900002,68.900002,2000,61.958881
"455",2014-11-06,68,68.099998,68,68.099998,200,61.239468
"456",2014-11-07,68.099998,68.099998,68.099998,68.099998,2500,61.239468
"457",2014-11-10,68.099998,68.099998,68.099998,68.099998,200,61.239468
"458",2014-11-11,68.5,68.5,68.199997,68.5,117600,61.599186
"459",2014-11-12,68.699997,68.699997,68.18,68.699997,6800,61.779022
"460",2014-11-13,68.5,68.599998,68.5,68.599998,400,61.689098
"461",2014-11-14,68.199997,68.199997,68.199997,68.199997,300,61.329395
"462",2014-11-17,68.199997,68.199997,68,68.18,900,61.311413
"463",2014-11-18,68.199997,68.580002,68.199997,68.400002,8100,61.509258
"464",2014-11-19,68.400002,68.599998,68.279999,68.599998,3100,61.689098
"465",2014-11-20,68.599998,68.599998,68.599998,68.599998,0,61.689098
"466",2014-11-21,68.599998,68.599998,68.599998,68.599998,3900,61.689098
"467",2014-11-24,68.400002,68.699997,68.400002,68.599998,9800,61.689098
"468",2014-11-25,68.599998,68.599998,68.599998,68.599998,4400,61.689098
"469",2014-11-26,68.599998,68.620003,68.580002,68.599998,12400,61.689098
"470",2014-11-27,68.400002,68.599998,68.400002,68.599998,500,61.689098
"471",2014-11-28,68.599998,68.599998,68.599998,68.599998,400,61.689098
"472",2014-12-01,68,68.5,67.900002,68.5,3100,61.599186
"473",2014-12-02,68.5,68.599998,68.5,68.599998,1400,61.689098
"474",2014-12-03,68.599998,68.620003,68.599998,68.620003,20400,61.707092
"475",2014-12-04,68.199997,68.699997,68.199997,68.699997,15700,61.779022
"476",2014-12-05,68.699997,68.699997,68.5,68.5,400,61.599186
"477",2014-12-08,68.599998,68.599998,68.599998,68.599998,100,61.689098
"478",2014-12-09,68,68.800003,68,68.800003,5700,61.86895
"479",2014-12-10,68.900002,68.900002,68,68.300003,2400,61.419331
"480",2014-12-11,68,68.5,68,68.5,104800,61.599186
"481",2014-12-12,68,68.5,68,68.5,500,61.599186
"482",2014-12-15,68.480003,68.480003,68,68,15400,61.149548
"483",2014-12-16,67.800003,68.5,66.959999,68.019997,4300,61.167542
"484",2014-12-17,67.599998,68.32,67.400002,68.040001,59300,61.185524
"485",2014-12-18,68.040001,68.099998,68,68.040001,7800,61.185524
"486",2014-12-19,68,68.040001,67.800003,67.800003,2900,60.969688
"487",2014-12-22,68.300003,68.5,68.300003,68.5,10300,61.599186
"488",2014-12-23,68.5,68.519997,68.5,68.519997,5900,61.617157
"489",2014-12-24,68.519997,68.519997,68.519997,68.519997,0,61.617157
"490",2014-12-26,68.5,68.5,68.5,68.5,400,61.599186
"491",2014-12-29,68.599998,68.599998,68.5,68.5,15700,61.599186
"492",2014-12-30,68.519997,68.519997,68.519997,68.519997,4600,61.617157
"493",2014-12-31,68,68.5,68,68.5,7900,61.599186
"494",2015-01-02,68.5,68.879997,68.5,68.879997,1800,61.940899
"495",2015-01-05,68.599998,69,68.599998,69,5200,62.048809
"496",2015-01-06,68.5,68.800003,68.5,68.599998,1100,61.689098
"497",2015-01-07,68.5,68.900002,68.5,68.900002,700,61.958881
"498",2015-01-08,68.599998,69,68.599998,69,7100,62.048809
"499",2015-01-09,69,69,69,69,15300,62.048809
"500",2015-01-12,69,69.300003,69,69.099998,12100,62.138741
"501",2015-01-13,69.099998,69.120003,69.099998,69.099998,6100,62.138741
"502",2015-01-14,69.099998,69.580002,69.099998,69.580002,700,62.57037
"503",2015-01-15,69.599998,69.900002,69.599998,69.900002,3800,62.858124
"504",2015-01-16,69.599998,70.099998,69.599998,70.099998,2800,63.037979
"505",2015-01-19,70,70.300003,70,70.300003,6900,63.217842
"506",2015-01-20,70.300003,70.379997,70.300003,70.32,15000,63.235825
"507",2015-01-21,70.300003,70.699997,70.300003,70.699997,8700,63.57753
"508",2015-01-22,70.699997,71.379997,70.699997,71.080002,6200,63.919254
"509",2015-01-23,71.279999,71.400002,71.199997,71.400002,3800,64.207016
"510",2015-01-26,71,71.480003,71,71.480003,27900,64.278969
"511",2015-01-27,71.459999,71.459999,71.160004,71.400002,87900,64.207016
"512",2015-01-28,71.400002,71.400002,71,71.379997,65600,64.189034
"513",2015-01-29,71.300003,71.540001,71.279999,71.540001,61700,64.332916
"514",2015-01-30,71.5,71.5,71.5,71.5,3300,64.296944
"515",2015-02-04,71.5,72.400002,71.5,72.400002,21500,65.106277
"516",2015-02-05,72.400002,73.5,72.400002,73.300003,27500,65.915611
"517",2015-02-06,73.199997,73.599998,73.199997,73.360001,11100,65.969566
"518",2015-02-09,73.919998,73.919998,73.779999,73.779999,800,66.34726
"519",2015-02-10,73.599998,73.699997,73.5,73.699997,11800,66.275307
"520",2015-02-11,73.599998,73.639999,73.519997,73.639999,20700,66.221359
"521",2015-02-12,73.5,73.599998,73.300003,73.5,50200,66.095467
"522",2015-02-13,73,73.5,73,73.5,21700,66.095467
"523",2015-02-16,73.5,73.5,73.5,73.5,0,66.095467
"524",2015-02-17,73.5,73.599998,73.300003,73.599998,1000,66.185394
"525",2015-02-18,73.599998,73.599998,73,73.599998,500,66.185394
"526",2015-02-23,73.599998,74.779999,73.599998,73.800003,6000,66.365257
"527",2015-02-24,74,74,72.019997,73.300003,6500,65.915611
"528",2015-02-25,72.82,72.900002,72.199997,72.699997,14900,65.37606
"529",2015-02-26,73.300003,73.5,72.699997,73.300003,4700,65.915611
"530",2015-02-27,73.400002,73.699997,73,73.5,6300,66.095467
"531",2015-03-02,73.5,74,73.5,74,9300,66.54509
"532",2015-03-03,74,75,74,75,6000,67.444344
"533",2015-03-04,75,75.199997,74.980003,74.980003,55000,67.426361
"534",2015-03-05,75.199997,75.199997,74.900002,74.900002,200,67.354431
"535",2015-03-06,74.800003,74.800003,73.620003,74.480003,1000,66.976746
"536",2015-03-09,74.480003,74.5,74,74,2900,66.54509
"537",2015-03-10,73.900002,74.199997,73.5,74.199997,1300,66.724945
"538",2015-03-11,74.199997,74.199997,74.199997,74.199997,500,66.724945
"539",2015-03-12,74,74.199997,73.519997,74.199997,600,66.724945
"540",2015-03-13,74.199997,74.5,74,74.5,600,66.99472
"541",2015-03-16,74,74,73.099998,73.099998,1000,65.735764
"542",2015-03-17,73.099998,74,73,74,26400,66.54509
"543",2015-03-18,74,74,74,74,0,66.54509
"544",2015-03-19,73.5,74.160004,73.5,74,1900,66.54509
"545",2015-03-20,74,74,74,74,200,66.54509
"546",2015-03-23,73.599998,73.900002,73.5,73.5,4700,66.095467
"547",2015-03-24,73.800003,73.800003,73.300003,73.5,9000,66.095467
"548",2015-03-25,73.699997,73.900002,73.599998,73.599998,1500,66.185394
"549",2015-03-26,73.879997,74,73.879997,74,500,66.54509
"550",2015-03-27,73.900002,74,73.599998,73.800003,3200,66.365257
"551",2015-03-30,73.900002,73.900002,73.800003,73.800003,1700,66.365257
"552",2015-03-31,73.800003,73.800003,73.699997,73.699997,4700,66.275307
"553",2015-04-01,73.699997,73.699997,73.699997,73.699997,800,66.275307
"554",2015-04-02,73.699997,73.900002,73.699997,73.699997,42700,66.275307
"555",2015-04-03,73.800003,74.300003,73.699997,74.300003,31300,66.814857
"556",2015-04-06,74.5,74.800003,74.32,74.800003,29700,67.264496
"557",2015-04-07,75,75,74.779999,74.800003,3500,67.264496
"558",2015-04-08,75.5,75.5,75,75.300003,500,67.714134
"559",2015-04-09,75.400002,75.400002,75.300003,75.300003,1600,67.714134
"560",2015-04-10,75.099998,75.099998,75.099998,75.099998,200,67.534271
"561",2015-04-13,75.099998,75.5,75.099998,75.300003,77100,67.714134
"562",2015-04-14,75.300003,75.480003,75.199997,75.199997,10500,67.624199
"563",2015-04-15,75.480003,75.480003,74.400002,75.480003,2200,67.875992
"564",2015-04-16,75.480003,75.480003,75.480003,75.480003,300,67.875992
"565",2015-04-17,74.900002,75.400002,74.400002,74.5,50900,66.99472
"566",2015-04-20,74.5,75.099998,74.440002,74.480003,12200,66.976746
"567",2015-04-21,74.480003,74.480003,74.279999,74.480003,1700,66.976746
"568",2015-04-22,74.480003,74.480003,74,74,1200,66.54509
"569",2015-04-23,74.5,74.5,74,74.5,5800,66.99472
"570",2015-04-24,74.5,75.379997,74.5,75.379997,300,67.786064
"571",2015-04-27,75.360001,75.360001,74.5,75,1600,67.444344
"572",2015-04-28,75.059998,75.059998,74.5,74.68,16100,67.156578
"573",2015-04-29,75,75,74.379997,74.379997,1300,66.886803
"574",2015-04-30,74.379997,74.379997,73.599998,74.099998,44300,66.63501
"575",2015-05-05,74.099998,74.099998,74.099998,74.099998,3300,66.63501
"576",2015-05-06,74.099998,74.199997,74.099998,74.139999,1300,66.670982
"577",2015-05-07,74.160004,74.160004,74.139999,74.160004,2800,66.688972
"578",2015-05-08,74.18,74.220001,73.519997,74,10300,66.54509
"579",2015-05-11,73.5,73.5,72,72.18,8200,66.480621
"580",2015-05-12,72.18,73,70,73,48300,67.23587
"581",2015-05-13,74.5,74.5,72.879997,72.879997,400,67.125336
"582",2015-05-14,73.300003,73.300003,72.879997,73,1200,67.23587
"583",2015-05-15,72.900002,73,72.5,72.800003,1600,67.051674
"584",2015-05-18,72.199997,72.779999,72.199997,72.779999,300,67.033241
"585",2015-05-19,72.779999,73,72.779999,72.900002,50500,67.143776
"586",2015-05-20,72.779999,72.800003,72.099998,72.800003,600,67.051674
"587",2015-05-21,72.779999,72.800003,71.5,71.5,30200,65.854309
"588",2015-05-22,NA,NA,NA,NA,NA,NA
"589",2015-05-25,72.480003,72.480003,71.519997,71.519997,1400,65.872742
"590",2015-05-26,71.800003,71.800003,71.300003,71.559998,11400,65.909569
"591",2015-05-27,71.559998,71.599998,71.099998,71.099998,2900,65.485901
"592",2015-05-28,71.620003,71.620003,71.260002,71.260002,1500,65.633255
"593",2015-05-29,NA,NA,NA,NA,NA,NA
"594",2015-06-01,71.300003,71.300003,71.300003,71.300003,5800,65.670105
"595",2015-06-02,71.300003,72.379997,71,71,2100,65.393799
"596",2015-06-03,71,72.5,71,72.5,3000,66.775345
"597",2015-06-04,70.900002,72.5,70.900002,72.400002,1000,66.683243
"598",2015-06-05,72.480003,72.480003,72.300003,72.300003,500,66.591141
"599",2015-06-08,72.300003,72.32,71,72.32,1200,66.609566
"600",2015-06-09,72.400002,72.400002,72.300003,72.400002,500,66.683243
"601",2015-06-10,72.300003,72.480003,72.300003,72.480003,300,66.756943
"602",2015-06-11,NA,NA,NA,NA,NA,NA
"603",2015-06-12,NA,NA,NA,NA,NA,NA
"604",2015-06-15,NA,NA,NA,NA,NA,NA
"605",2015-06-16,71.900002,71.900002,71.199997,71.599998,164500,65.946411
"606",2015-06-17,NA,NA,NA,NA,NA,NA
"607",2015-06-18,71.699997,71.699997,71.5,71.599998,400,65.946411
"608",2015-06-19,NA,NA,NA,NA,NA,NA
"609",2015-06-22,71.800003,71.800003,71.199997,71.199997,700,65.578003
"610",2015-06-23,NA,NA,NA,NA,NA,NA
"611",2015-06-24,NA,NA,NA,NA,NA,NA
"612",2015-06-25,72.099998,72.099998,71.800003,71.800003,69400,66.130623
"613",2015-06-26,NA,NA,NA,NA,NA,NA
"614",2015-06-29,NA,NA,NA,NA,NA,NA
"615",2015-06-30,NA,NA,NA,NA,NA,NA
"616",2015-07-01,71.5,72,71.5,72,10200,66.314827
"617",2015-07-02,NA,NA,NA,NA,NA,NA
"618",2015-07-03,72,72,72,72,68500,66.314827
"619",2015-07-06,NA,NA,NA,NA,NA,NA
"620",2015-07-07,NA,NA,NA,NA,NA,NA
"621",2015-07-08,72,72,71.5,71.900002,1500,66.222725
"622",2015-07-09,NA,NA,NA,NA,NA,NA
"623",2015-07-10,NA,NA,NA,NA,NA,NA
"624",2015-07-13,NA,NA,NA,NA,NA,NA
"625",2015-07-14,NA,NA,NA,NA,NA,NA
"626",2015-07-15,NA,NA,NA,NA,NA,NA
"627",2015-07-16,72.099998,72.099998,72,72,1300,66.314827
"628",2015-07-20,NA,NA,NA,NA,NA,NA
"629",2015-07-21,NA,NA,NA,NA,NA,NA
"630",2015-07-22,NA,NA,NA,NA,NA,NA
"631",2015-07-23,NA,NA,NA,NA,NA,NA
"632",2015-07-24,NA,NA,NA,NA,NA,NA
"633",2015-07-27,NA,NA,NA,NA,NA,NA
"634",2015-07-28,NA,NA,NA,NA,NA,NA
"635",2015-07-29,NA,NA,NA,NA,NA,NA
"636",2015-07-30,NA,NA,NA,NA,NA,NA
"637",2015-07-31,NA,NA,NA,NA,NA,NA
"638",2015-08-03,NA,NA,NA,NA,NA,NA
"639",2015-08-04,73.300003,73.300003,72,72,14400,66.314827
"640",2015-08-05,72,72.900002,72,72.900002,39300,67.143776
"641",2015-08-06,NA,NA,NA,NA,NA,NA
"642",2015-08-07,72,72.5,72,72.5,1100,66.775345
"643",2015-08-10,NA,NA,NA,NA,NA,NA
"644",2015-08-11,NA,NA,NA,NA,NA,NA
"645",2015-08-12,71.900002,72,71.879997,71.919998,17400,66.241142
"646",2015-08-13,71.919998,72.5,71.919998,72.279999,6500,66.572716
"647",2015-08-14,72.199997,72.919998,72,72.779999,6100,67.033241
"648",2015-08-17,72.800003,72.800003,72,72,97600,66.314827
"649",2015-08-18,72,72,72,72,101600,66.314827
"650",2015-08-19,72,72,71.800003,71.800003,300900,66.130623
"651",2015-08-20,72,72,71.800003,71.800003,1400,66.130623
"652",2015-08-21,72,72.18,71.699997,72.18,3200,66.480621
"653",2015-08-24,72,72,71.879997,72,94600,66.314827
"654",2015-08-25,71.879997,72,71.599998,72,7000,66.314827
"655",2015-08-26,71.800003,71.800003,71.5,71.599998,66900,66.547188
"656",2015-08-27,71.660004,72.18,71.660004,72.18,7000,67.086258
"657",2015-08-28,72.199997,72.199997,71.599998,72.160004,2800,67.067673
"658",2015-09-01,72.160004,72.160004,72.160004,72.160004,600,67.067673
"659",2015-09-02,72.160004,72.199997,72.160004,72.199997,2000,67.104851
"660",2015-09-03,72,72.160004,72,72.160004,5100,67.067673
"661",2015-09-04,72,72,72,72,100,66.918953
"662",2015-09-07,72,72.099998,72,72.099998,1200,67.011902
"663",2015-09-08,71.900002,71.900002,71.900002,71.900002,100,66.826019
"664",2015-09-09,71.900002,72.099998,71.900002,72.099998,300,67.011902
"665",2015-09-10,71.800003,71.800003,71.800003,71.800003,200,66.733078
"666",2015-09-11,72.099998,72.099998,71.900002,72.099998,1100,67.011902
"667",2015-09-14,72,72.019997,71.300003,71.540001,1700,66.491425
"668",2015-09-15,71.599998,72.019997,71.5,72.019997,1300,66.937538
"669",2015-09-17,72,72.019997,72,72.019997,120600,66.937538
"670",2015-09-18,72.099998,73,72.040001,72.040001,4200,66.956139
"671",2015-09-21,72.040001,73,72.040001,72.980003,20100,67.829803
"672",2015-09-22,72.980003,72.980003,72.279999,72.300003,31100,67.197784
"673",2015-09-23,72.300003,72.800003,72.300003,72.739998,2800,67.60675
"674",2015-09-25,72.300003,72.959999,72,72.959999,9700,67.811218
"675",2015-09-28,72.099998,72.879997,72.040001,72.879997,1200,67.736855
"676",2015-09-29,72.059998,72.059998,72,72.019997,1100,66.937538
"677",2015-09-30,72.440002,72.739998,72.019997,72.099998,11000,67.011902
"678",2015-10-01,72.139999,72.139999,72.099998,72.099998,3600,67.011902
"679",2015-10-02,72.559998,72.879997,72.559998,72.879997,300,67.736855
"680",2015-10-05,72.720001,72.800003,72.32,72.5,2600,67.383675
"681",2015-10-06,72.900002,73.18,72.900002,73,1800,67.848389
"682",2015-10-07,73,73.279999,72.5,73.099998,5200,67.941345
"683",2015-10-08,73.099998,73.400002,73.099998,73.199997,12400,68.034271
"684",2015-10-09,73.400002,73.400002,73.199997,73.400002,3800,68.220161
"685",2015-10-12,73.400002,73.400002,73.099998,73.099998,600,67.941345
"686",2015-10-13,73.599998,73.599998,73.599998,73.599998,100,68.406052
"687",2015-10-15,73.5,73.919998,73,73.919998,17900,68.703461
"688",2015-10-16,73.599998,73.599998,72.440002,72.440002,20300,67.327911
"689",2015-10-19,72.480003,72.5,71.620003,71.620003,5800,66.565781
"690",2015-10-20,71.620003,72.360001,71.339996,71.360001,17800,66.324135
"691",2015-10-21,71.459999,71.5,71,71.059998,23400,66.045288
"692",2015-10-22,71.300003,72,71.080002,72,1200,66.918953
"693",2015-10-23,72.019997,72.300003,72,72.080002,24300,66.993317
"694",2015-10-26,72.080002,72.080002,71.900002,72,68200,66.918953
"695",2015-10-27,72,72.339996,72,72,27500,66.918953
"696",2015-10-28,72.019997,72.099998,72,72,44000,66.918953
"697",2015-10-29,72.040001,72.040001,72,72,31300,66.918953
"698",2015-10-30,72.040001,72.32,72.019997,72.32,1500,67.216377
"699",2015-11-02,72.080002,72.400002,72.080002,72.32,1500,67.216377
"700",2015-11-03,72.260002,72.5,71.82,72.400002,9900,67.290726
"701",2015-11-04,72.459999,72.599998,72.400002,72.599998,2500,67.476624
"702",2015-11-05,73,73,72.800003,73,4700,67.848389
"703",2015-11-06,73.18,73.720001,73.18,73.720001,5900,68.517586
"704",2015-11-09,72.400002,72.400002,72.400002,72.400002,700,67.88932
"705",2015-11-11,72.400002,72.879997,72.400002,72.599998,4200,68.076859
"706",2015-11-12,72.400002,73,72.300003,72.839996,5600,68.301918
"707",2015-11-13,72.839996,72.839996,72.839996,72.839996,2500,68.301918
"708",2015-11-16,73.139999,73.139999,72.82,73,2300,68.45195
"709",2015-11-17,72.900002,73,72.900002,72.919998,8300,68.376915
"710",2015-11-18,73.019997,73.019997,73.019997,73.019997,100,68.470688
"711",2015-11-19,73.019997,73.019997,72.980003,73,4500,68.45195
"712",2015-11-20,73.040001,75.5,73.040001,75.300003,12200,70.608643
"713",2015-11-23,75.199997,75.199997,75.199997,75.199997,300,70.514877
"714",2015-11-24,75.199997,75.199997,73.220001,73.32,6300,68.751999
"715",2015-11-25,75,75,75,75,100,70.327339
"716",2015-11-26,73.540001,73.540001,73.519997,73.519997,400,68.939537
"717",2015-11-27,73.599998,73.599998,73.5,73.5,4700,68.920799
"718",2015-11-30,73.5,73.5,73.5,73.5,0,68.920799
"719",2015-12-01,74,74,73.5,73.5,400,68.920799
"720",2015-12-02,73.559998,74.580002,73.559998,74.580002,1100,69.933502
"721",2015-12-03,74.580002,74.599998,74.580002,74.599998,300,69.952255
"722",2015-12-04,74.599998,74.599998,73.559998,74.300003,600,69.670959
"723",2015-12-07,74.300003,74.300003,73.5,74.300003,3500,69.670959
"724",2015-12-08,73.599998,74.300003,73.599998,74.300003,200,69.670959
"725",2015-12-09,74.300003,74.300003,74.199997,74.199997,200,69.577171
"726",2015-12-10,74.199997,74.199997,74.199997,74.199997,0,69.577171
"727",2015-12-11,73.5,73.5,73.5,73.5,1500,68.920799
"728",2015-12-14,73.5,73.5,73.5,73.5,0,68.920799
"729",2015-12-15,72.5,73.480003,72.5,73.480003,41200,68.902039
"730",2015-12-16,74.379997,74.379997,72.32,72.620003,6500,68.095619
"731",2015-12-17,72.540001,73,72.540001,72.68,5200,68.151886
"732",2015-12-18,73,73,72.699997,72.699997,2100,68.170631
"733",2015-12-21,73.5,73.5,72.68,72.68,300,68.151886
"734",2015-12-22,72.699997,73,72.5,72.5,500,67.983086
"735",2015-12-23,73,73.040001,73,73.019997,111700,68.470688
"736",2015-12-28,73.199997,73.199997,73.199997,73.199997,4000,68.639473
"737",2015-12-29,73.199997,73.199997,73.199997,73.199997,0,68.639473
"738",2015-12-30,73.18,73.18,72.519997,73.099998,1500,68.545715
"739",2015-12-31,73.099998,73.400002,73,73.400002,5900,68.827034
"740",2016-01-04,73.400002,73.5,73.260002,73.400002,81100,68.827034
"741",2016-01-05,73.400002,73.400002,73.400002,73.400002,23400,68.827034
"742",2016-01-06,73.400002,73.400002,73.400002,73.400002,2700,68.827034
"743",2016-01-07,73.400002,73.400002,73.400002,73.400002,300,68.827034
"744",2016-01-08,73.339996,73.5,73.339996,73.5,9500,68.920799
"745",2016-01-11,73.400002,73.5,73.400002,73.5,22700,68.920799
"746",2016-01-12,73.419998,73.440002,73.419998,73.440002,1400,68.864525
"747",2016-01-13,73.440002,73.459999,73.440002,73.440002,26500,68.864525
"748",2016-01-14,73.400002,73.459999,73.400002,73.440002,37200,68.864525
"749",2016-01-15,73.339996,73.5,73.32,73.5,2100,68.920799
"750",2016-01-18,73.5,73.5,73.5,73.5,0,68.920799
"751",2016-01-19,73.5,75,73.5,73.5,35300,68.920799
"752",2016-01-20,73.419998,73.419998,73.419998,73.419998,800,68.845764
"753",2016-01-21,73.419998,73.419998,73,73.419998,7000,68.845764
"754",2016-01-22,73.32,73.32,73.32,73.32,200,68.751999
"755",2016-01-26,73.32,73.32,73.300003,73.300003,9300,68.733253
"756",2016-01-27,73.5,73.5,73.099998,73.099998,700,68.545715
"757",2016-01-28,73.5,73.5,73.5,73.5,2000,68.920799
"758",2016-01-29,73.940002,74,73.5,74,4100,69.389641
"759",2016-02-02,74.860001,74.860001,74.019997,74.019997,200,69.408386
"760",2016-02-03,74.080002,74.120003,74.080002,74.120003,1600,69.502167
"761",2016-02-04,74.300003,74.68,74.300003,74.68,3400,70.027275
"762",2016-02-05,74.800003,74.980003,74.5,74.5,6500,69.85849
"763",2016-02-08,74.5,74.5,74.5,74.5,0,69.85849
"764",2016-02-09,74.5,74.5,74.5,74.5,0,69.85849
"765",2016-02-10,74.800003,75,74.800003,75,1400,70.327339
"766",2016-02-11,74.800003,74.800003,74.800003,74.800003,1000,70.139801
"767",2016-02-12,74.800003,75,74.720001,74.879997,1400,70.214798
"768",2016-02-15,74.879997,75.199997,74.879997,75,2500,70.327339
"769",2016-02-16,74.900002,75.019997,74.900002,75,10600,70.327339
"770",2016-02-17,75.099998,75.120003,75.099998,75.120003,200,70.439865
"771",2016-02-18,75.099998,75.099998,75.099998,75.099998,500,70.421112
"772",2016-02-19,74.599998,74.599998,74.379997,74.440002,1000,69.802231
"773",2016-02-22,74.440002,75,74.440002,75,2600,70.327339
"774",2016-02-23,74.919998,75,74.580002,74.580002,36500,69.933502
"775",2016-02-24,74.879997,74.879997,74.639999,74.68,3600,70.027275
"776",2016-02-25,74.68,75,74.559998,74.559998,900,69.914749
"777",2016-02-26,74.559998,75,74.239998,74.239998,2600,69.614677
"778",2016-02-29,74.220001,74.220001,74,74.199997,25600,69.577171
"779",2016-03-01,74.199997,74.199997,74.120003,74.18,18000,69.558434
"780",2016-03-02,74.199997,75,74.199997,74.199997,1000,69.577171
"781",2016-03-03,74.199997,74.199997,74.18,74.199997,13700,69.577171
"782",2016-03-04,75,75,74.199997,74.199997,4800,69.577171
"783",2016-03-07,74.220001,74.220001,74.18,74.199997,6700,69.577171
"784",2016-03-08,74.080002,74.080002,74,74,2200,69.389641
"785",2016-03-09,74,74,73.980003,74,24800,69.389641
"786",2016-03-10,74,74,73.959999,73.959999,2500,69.352135
"787",2016-03-11,73.980003,73.980003,73.959999,73.959999,1800,69.352135
"788",2016-03-14,74,75.5,74,75.5,3500,70.796181
"789",2016-03-15,75.400002,75.5,75.379997,75.400002,3100,70.702415
"790",2016-03-16,74.099998,74.099998,74.099998,74.099998,100,69.483406
"791",2016-03-17,74.18,74.980003,74.019997,74.980003,9100,70.308571
"792",2016-03-18,74.980003,74.980003,74.199997,74.5,1700,69.85849
"793",2016-03-21,74.5,75.400002,74.5,75.300003,4200,70.608643
"794",2016-03-22,75.300003,75.300003,75.300003,75.300003,51000,70.608643
"795",2016-03-23,75.400002,75.480003,75.300003,75.480003,3300,70.777428
"796",2016-03-24,75.300003,75.300003,75.18,75.199997,4500,70.514877
"797",2016-03-25,75.199997,75.199997,75,75,2500,70.327339
"798",2016-03-28,74.900002,74.900002,74.599998,74.599998,15400,69.952255
"799",2016-03-29,74.599998,75,74.040001,75,205500,70.327339
"800",2016-03-30,74.5,74.900002,74.5,74.900002,400,70.233574
"801",2016-03-31,74.82,76.900002,74.800003,76.900002,9400,72.108963
"802",2016-04-01,75.099998,75.099998,74.900002,75,18700,70.327339
"803",2016-04-04,75,76,74.959999,74.959999,11200,70.289833
"804",2016-04-05,75.5,75.5,74.900002,74.900002,13300,70.233574
"805",2016-04-06,74.900002,75.639999,74.879997,74.900002,204900,70.233574
"806",2016-04-07,75.080002,75.080002,74.779999,74.779999,4800,70.12104
"807",2016-04-08,74.699997,74.739998,74.699997,74.699997,308500,70.046028
"808",2016-04-11,74.519997,74.919998,74.419998,74.440002,9800,69.802231
"809",2016-04-12,75,75,74.400002,75,5100,70.327339
"810",2016-04-13,75,75.199997,75,75,13100,70.327339
"811",2016-04-14,75,75.199997,74.519997,75,13600,70.327339
"812",2016-04-15,75,75.019997,74.900002,74.599998,1800,69.952255
"813",2016-04-18,74.599998,74.68,74.599998,74.599998,5300,69.952255
"814",2016-04-19,75,75,74.860001,74.919998,71800,70.252319
"815",2016-04-20,75,75,75,75,100,70.327339
"816",2016-04-21,75.300003,75.580002,74.699997,74.699997,1400,70.046028
"817",2016-04-22,75.099998,75.099998,74.699997,74.699997,3400,70.046028
"818",2016-04-25,74.699997,75,74.699997,75,3000,70.327339
"819",2016-04-26,75,75,74.699997,75,4000,70.327339
"820",2016-04-27,75.220001,75.220001,74.800003,75.040001,2500,70.364845
"821",2016-04-28,75.5,75.5,75.080002,75.099998,7500,70.421112
"822",2016-04-29,75.099998,75.099998,74.919998,74.980003,11100,70.308571
"823",2016-05-03,75,75,74.599998,74.900002,13000,70.233574
"824",2016-05-04,74.68,74.68,74.5,74.5,113100,69.85849
"825",2016-05-05,74.620003,74.620003,74.5,74.5,12400,69.85849
"826",2016-05-06,75,75,74.5,75,1800,70.327339
"827",2016-05-09,75.599998,75.599998,75.120003,75.199997,1300,70.514877
"828",2016-05-10,75.360001,76,75.360001,76,3700,71.265038
"829",2016-05-11,75.5,75.599998,75.5,75.519997,7400,70.814941
"830",2016-05-12,76,76.199997,75.019997,75.019997,9500,70.346092
"831",2016-05-13,75.120003,76.480003,75.040001,75.099998,6200,70.421112
"832",2016-05-16,75.120003,75.139999,75,75.099998,12700,70.421112
"833",2016-05-17,74.5,74.599998,74.480003,74.519997,19700,70.915955
"834",2016-05-18,74.580002,75,74.419998,74.599998,2200,70.992081
"835",2016-05-19,74.599998,75,74.5,75,3300,71.372749
"836",2016-05-20,75,75.400002,75,75.379997,112800,71.734367
"837",2016-05-23,75,75.540001,75,75.519997,68100,71.867592
"838",2016-05-24,75.699997,75.980003,75.519997,75.519997,71000,71.867592
"839",2016-05-25,75.5,76,75.5,76,117800,72.324379
"840",2016-05-26,75.699997,76,75.699997,76,20000,72.324379
"841",2016-05-27,75.900002,75.900002,75.160004,75.519997,39200,71.867592
"842",2016-05-30,76,76,75.5,75.540001,32800,71.886627
"843",2016-05-31,76,76,76,76,19000,72.324379
"844",2016-06-01,76,76.019997,76,76,17100,72.324379
"845",2016-06-02,76.199997,76.199997,76,76,12200,72.324379
"846",2016-06-03,76.019997,76.019997,76.019997,76.019997,100,72.343407
"847",2016-06-06,76,76,76,76,88700,72.324379
"848",2016-06-07,76,76.099998,76,76.099998,90200,72.41954
"849",2016-06-08,76.400002,76.599998,76.400002,76.599998,2200,72.895363
"850",2016-06-09,76.68,76.699997,76.199997,76.68,33300,72.971489
"851",2016-06-10,76.68,76.68,76.559998,76.599998,14200,72.895363
"852",2016-06-13,76.599998,76.879997,76.480003,76.599998,18300,72.895363
"853",2016-06-14,76.900002,77,76.599998,76.599998,26400,72.895363
"854",2016-06-15,77,77,76.419998,76.580002,77300,72.876328
"855",2016-06-16,77,77,76.580002,76.580002,37100,72.876328
"856",2016-06-17,76.800003,76.800003,76.800003,76.800003,100,73.085693
"857",2016-06-20,76.800003,76.800003,76.699997,76.699997,28300,72.990517
"858",2016-06-21,77,77,76.699997,76.699997,5900,72.990517
"859",2016-06-23,76.800003,76.800003,76.699997,76.699997,37400,72.990517
"860",2016-06-24,77,77,76.120003,76.139999,7900,72.457603
"861",2016-06-27,76.199997,76.199997,76.099998,76.139999,42600,72.457603
"862",2016-06-28,76.199997,76.239998,76.18,76.18,19000,72.495674
"863",2016-06-29,77,77,76.300003,76.5,23800,72.800194
"864",2016-06-30,77,77,76.5,76.519997,43200,72.819221
"865",2016-07-01,77,77,76.620003,76.900002,4500,73.180855
"866",2016-07-04,77,77,76.919998,76.980003,4900,73.256973
"867",2016-07-05,77,77,76.699997,76.699997,1400,72.990517
"868",2016-07-06,76.699997,76.699997,76.699997,76.699997,0,72.990517
"869",2016-07-07,76.699997,76.699997,76.699997,76.699997,0,72.990517
"870",2016-07-08,76.699997,76.699997,76.699997,76.699997,0,72.990517
"871",2016-07-11,77,77,76.800003,76.959999,1300,73.237953
"872",2016-07-12,77,77.199997,76.620003,76.800003,15200,73.085693
"873",2016-07-13,76.800003,76.82,76.599998,76.760002,114700,73.04763
"874",2016-07-14,76.800003,77,76.800003,77,141200,73.276016
"875",2016-07-15,77,79.980003,77,79.980003,144200,76.1119
"876",2016-07-18,79.980003,81.5,79,79.900002,40600,76.035767
"877",2016-07-19,79.980003,81.800003,79.900002,80,11100,76.13092
"878",2016-07-20,80,81,79.300003,79.900002,16200,76.035767
"879",2016-07-21,79.5,79.599998,79.5,79.599998,4400,75.750267
"880",2016-07-22,79.5,79.800003,79.400002,79.800003,3100,75.940605
"881",2016-07-25,79.800003,79.800003,79.779999,79.800003,600,75.940605
"882",2016-07-26,79.779999,79.800003,79.400002,79.400002,3100,75.559944
"883",2016-07-27,79.800003,80.5,79,79,44200,75.179291
"884",2016-07-28,79,79,78.900002,78.900002,9000,75.084122
"885",2016-07-29,79.199997,79.199997,78.900002,79,64200,75.179291
"886",2016-08-01,80.879997,80.879997,79.099998,79.400002,13200,75.559944
"887",2016-08-02,79.300003,80.68,79.300003,79.400002,91500,75.559944
"888",2016-08-03,80,80.379997,79.379997,79.400002,196300,75.559944
"889",2016-08-04,79.400002,79.400002,79,79.400002,7800,75.559944
"890",2016-08-05,79.400002,79.68,79,79.68,10700,75.826393
"891",2016-08-08,79.68,79.68,79.019997,79.639999,1100,75.78833
"892",2016-08-09,80.220001,80.220001,79.099998,79.739998,7000,75.883499
"893",2016-08-10,79.379997,80.080002,79.379997,80.080002,500,76.207062
"894",2016-08-11,80.059998,80.059998,79.199997,80,1000,76.13092
"895",2016-08-12,80.080002,80.080002,79.599998,79.599998,700,75.750267
"896",2016-08-15,79.699997,79.800003,79.699997,79.800003,6100,75.940605
"897",2016-08-16,80,80,79.099998,79.099998,52900,75.274445
"898",2016-08-17,79.199997,79.199997,79,79.099998,91100,75.274445
"899",2016-08-18,79.099998,79.099998,78.980003,78.980003,1400,75.160263
"900",2016-08-19,78.980003,79.5,78.800003,79,23500,75.179291
"901",2016-08-22,79,79,78.760002,78.760002,5800,74.950897
"902",2016-08-23,80.300003,80.300003,78.919998,78.919998,149200,75.103149
"903",2016-08-24,79.139999,79.160004,78.879997,78.900002,39500,75.084122
"904",2016-08-25,79,79,78.68,78.800003,13700,74.988976
"905",2016-08-26,78.900002,79,78.419998,79,10600,75.179291
"906",2016-08-29,79,79,78.400002,78.5,37200,74.703468
"907",2016-08-30,78.5,79.980003,78.5,78.839996,196300,75.027031
"908",2016-09-01,78.839996,80.300003,78.839996,80,20400,76.13092
"909",2016-09-02,79.900002,80.099998,79.5,80.019997,13800,76.149948
"910",2016-09-05,80.300003,80.480003,80,80,89100,76.13092
"911",2016-09-06,80,80,79.5,79.519997,4400,76.342133
"912",2016-09-07,80.279999,80.599998,79.5,80.599998,106600,77.378975
"913",2016-09-08,79.620003,80.879997,79.620003,80,23800,76.802956
"914",2016-09-09,80.800003,80.800003,79.800003,80,37600,76.802956
"915",2016-09-13,80,80,79.540001,80,3700,76.802956
"916",2016-09-14,79.620003,80.019997,79.599998,80.019997,700,76.822144
"917",2016-09-15,79.720001,80.059998,79.699997,79.900002,66200,76.706947
"918",2016-09-19,80.779999,80.779999,79.879997,79.900002,76100,76.706947
"919",2016-09-20,79.720001,80,79.599998,79.599998,129000,76.418938
"920",2016-09-21,80.519997,80.519997,79.459999,79.519997,74600,76.342133
"921",2016-09-22,79.5,79.519997,79.440002,79.440002,129500,76.265335
"922",2016-09-23,79.5,79.800003,79.279999,79.279999,177700,76.111725
"923",2016-09-26,79.279999,79.940002,79.199997,79.199997,83400,76.03492
"924",2016-09-27,79.199997,79.300003,79.160004,79.18,93800,76.015717
"925",2016-09-28,80,80.099998,79.199997,79.220001,105600,76.054123
"926",2016-09-29,79.199997,79.220001,79,79,90200,75.842918
"927",2016-09-30,79.199997,79.199997,78.860001,78.860001,177600,75.708519
"928",2016-10-04,79.660004,80.080002,78.980003,79,141600,75.842918
"929",2016-10-05,79.980003,79.980003,78.699997,78.720001,99900,75.574104
"930",2016-10-06,78.720001,78.720001,78.519997,78.519997,32300,75.382095
"931",2016-10-07,78.519997,80.040001,78.400002,78.5,131800,75.3629
"932",2016-10-10,78.599998,78.599998,78.199997,78.199997,90600,75.074883
"933",2016-10-11,78.300003,78.300003,78.099998,78.199997,3600,75.074883
"934",2016-10-12,78.199997,79.5,78.199997,78.980003,22900,75.823715
"935",2016-10-13,79.480003,79.480003,78.639999,79,2400,75.842918
"936",2016-10-14,79.099998,80,78.300003,78.379997,62200,75.247688
"937",2016-10-17,78.400002,78.400002,78.099998,78.099998,82600,74.978882
"938",2016-10-18,78.099998,78.400002,78.099998,78.139999,362300,75.017288
"939",2016-10-19,78.199997,78.199997,78.139999,78.199997,12100,75.074883
"940",2016-10-20,78.300003,78.300003,78.18,78.18,162600,75.055679
"941",2016-10-21,78.400002,78.400002,78.160004,78.18,57500,75.055679
"942",2016-10-24,78.18,78.879997,78.18,78.199997,18400,75.074883
"943",2016-10-25,78.5,78.5,78.199997,78.199997,52600,75.074883
"944",2016-10-26,78.239998,78.5,78.239998,78.400002,270500,75.266899
"945",2016-10-27,78.959999,78.959999,78.279999,78.400002,151900,75.266899
"946",2016-10-28,78.800003,78.900002,78.260002,78.400002,27500,75.266899
"947",2016-10-31,78.919998,78.919998,78.360001,78.379997,26000,75.247688
"948",2016-11-01,78.099998,78.900002,78.099998,78.379997,815200,75.247688
"949",2016-11-02,78.879997,78.879997,78.379997,78.379997,368700,75.247688
"950",2016-11-03,78.400002,78.599998,78.279999,78.300003,738400,75.170898
"951",2016-11-04,78.480003,78.480003,78.300003,78.300003,45200,75.170898
"952",2016-11-07,78.300003,78.300003,78.279999,78.300003,471900,75.170898
"953",2016-11-08,78.400002,79,78.300003,78.300003,161400,75.170898
"954",2016-11-09,78.400002,78.400002,78.239998,78.260002,70200,75.132492
"955",2016-11-10,78.32,79,78.239998,78.260002,378000,75.132492
"956",2016-11-11,78.760002,78.760002,78,78.260002,59400,75.810585
"957",2016-11-14,78.239998,78.839996,78,78.239998,1800,75.791199
"958",2016-11-15,78.239998,78.519997,78.239998,78.300003,59900,75.849335
"959",2016-11-16,78.300003,78.300003,78,78.080002,16900,75.636215
"960",2016-11-17,78,78.5,77.919998,78.5,28200,76.043068
"961",2016-11-18,78.5,78.800003,77.5,78,37000,75.558723
"962",2016-11-21,77.5,77.620003,77.5,77.580002,123300,75.151863
"963",2016-11-22,77.5,78,77.5,77.599998,130400,75.171234
"964",2016-11-23,77.599998,77.599998,77.5,77.5,113800,75.074364
"965",2016-11-24,77.5,77.5,77,77,13700,74.590019
"966",2016-11-25,77.400002,77.400002,76.739998,76.739998,45000,74.33815
"967",2016-11-28,76.720001,76.739998,76.540001,76.620003,22900,74.221909
"968",2016-11-29,76.68,76.68,76.5,76.519997,2500,74.125038
"969",2016-11-30,76.519997,76.519997,75.980003,75.980003,34400,73.601944
"970",2016-12-01,76,76,75.739998,75.760002,7400,73.388832
"971",2016-12-02,76.199997,76.199997,75.900002,76,9400,73.621315
"972",2016-12-05,76.099998,76.379997,76,76.239998,7700,73.853798
"973",2016-12-06,76.120003,76.699997,76.099998,76.099998,6900,73.718178
"974",2016-12-07,76.160004,76.160004,76.120003,76.120003,900,73.737564
"975",2016-12-08,77.220001,77.220001,76.120003,76.199997,500,73.815048
"976",2016-12-09,76.239998,76.5,76.199997,76.300003,11900,73.911926
"977",2016-12-13,76.300003,77.800003,76.300003,76.599998,8000,74.202538
"978",2016-12-14,76.599998,77.779999,76.580002,76.599998,6500,74.202538
"979",2016-12-15,76.760002,78.5,76.599998,78.5,4800,76.043068
"980",2016-12-16,76.599998,78.540001,76.599998,78.400002,88500,75.946205
"981",2016-12-19,77.18,78.400002,77.18,78.400002,222100,75.946205
"982",2016-12-20,78.400002,78.5,78,78.300003,11300,75.849335
"983",2016-12-21,78,78.68,78,78.599998,5000,76.139938
"984",2016-12-22,78.639999,78.660004,78.279999,78.279999,44800,75.829956
"985",2016-12-23,78.059998,78.5,76.599998,78.339996,18900,75.888077
"986",2016-12-27,78,78.32,77.400002,77.400002,10800,74.977501
"987",2016-12-28,77.5,78.5,77.199997,78.5,74600,76.043068
"988",2016-12-29,77.239998,78.419998,77.239998,77.800003,25900,75.36499
"989",2016-12-30,78.400002,78.5,77.720001,78.199997,26100,75.752457
"990",2017-01-02,78.199997,78.199997,78.199997,78.199997,0,75.752457
"991",2017-01-03,77.519997,78.199997,77.519997,78.199997,600,75.752457
"992",2017-01-04,78.199997,78.199997,77.260002,77.279999,13300,74.861259
"993",2017-01-05,78,78,77.080002,77.260002,12200,74.841888
"994",2017-01-06,77.120003,77.540001,77.040001,77.239998,15800,74.822502
"995",2017-01-09,77.260002,77.260002,76.339996,76.480003,45600,74.086296
"996",2017-01-10,76.779999,76.82,76.400002,76.480003,14400,74.086296
"997",2017-01-11,76.339996,76.400002,76,76,22300,73.621315
"998",2017-01-12,76,76,75.800003,75.82,23100,73.446953
"999",2017-01-13,76,76.18,75.599998,75.800003,13900,73.427582
"1000",2017-01-16,76,76,75.699997,75.699997,7000,73.330696
"1001",2017-01-17,75.800003,75.800003,74.120003,74.120003,35900,71.800156
"1002",2017-01-18,74.800003,74.800003,74.199997,74.220001,58600,71.897026
"1003",2017-01-19,74.800003,74.879997,74.5,74.800003,8100,72.458878
"1004",2017-01-20,74.900002,75.18,74.860001,75.019997,183600,72.671989
"1005",2017-01-23,75.019997,75.139999,74.959999,75,138500,72.652618
"1006",2017-01-24,74.599998,75.019997,74.599998,75,280000,72.652618
"1007",2017-01-25,75.459999,75.459999,74.980003,74.980003,199800,72.63324
"1008",2017-01-26,75,75.019997,74.940002,75,117600,72.652618
"1009",2017-01-27,75,75.980003,75,75.980003,1600,73.601944
"1010",2017-01-31,75.900002,76.019997,75.900002,76,115000,73.621315
"1011",2017-02-02,76.040001,76.040001,76,76.040001,205100,73.660065
"1012",2017-02-03,76.160004,76.199997,76.059998,76.099998,327400,73.718178
"1013",2017-02-06,76.400002,76.400002,76.099998,76.099998,13300,73.718178
"1014",2017-02-07,76.099998,76.160004,75.400002,76.099998,158300,73.718178
"1015",2017-02-08,76.199997,76.400002,75.599998,76.120003,109400,73.737564
"1016",2017-02-10,76.940002,76.940002,76,76.940002,35600,74.531898
"1017",2017-02-13,76.940002,76.940002,76.199997,76.519997,2200,74.125038
"1018",2017-02-14,76.5,76.5,76.040001,76.160004,171000,73.776306
"1019",2017-02-15,76.080002,76.139999,76.019997,76.080002,213600,73.698814
"1020",2017-02-16,76.419998,76.419998,76.080002,76.400002,82100,74.008804
"1021",2017-02-17,76.379997,76.379997,75.919998,75.919998,132800,73.543816
"1022",2017-02-20,75.940002,76.599998,75.940002,76,7900,73.621315
"1023",2017-02-21,76,76,75.940002,75.980003,99200,73.601944
"1024",2017-02-22,75.900002,76,75.900002,75.980003,201300,73.601944
"1025",2017-02-23,76,76,75.959999,75.980003,89500,73.601944
"1026",2017-02-24,76.599998,76.599998,75.940002,76,48900,73.621315
"1027",2017-02-27,76,76.599998,75.919998,76.040001,61300,73.660065
"1028",2017-02-28,75.900002,75.900002,75.400002,75.699997,4400,73.330696
"1029",2017-03-01,75.800003,76.019997,75.699997,76.019997,3200,73.640686
"1030",2017-03-02,76.019997,76.260002,76.019997,76.199997,125600,73.815048
"1031",2017-03-03,76.199997,76.300003,76.18,76.199997,136700,73.815048
"1032",2017-03-06,76.199997,76.360001,76.019997,76.300003,26200,73.911926
"1033",2017-03-07,76.300003,77.120003,76.199997,76.400002,139300,74.008804
"1034",2017-03-08,76.400002,76.400002,76.199997,76.300003,3000,73.911926
"1035",2017-03-09,76.32,76.360001,76.220001,76.32,213600,73.931305
"1036",2017-03-10,76.400002,76.459999,76.300003,76.400002,541500,74.008804
"1037",2017-03-13,76.5,76.580002,76.400002,76.540001,4700,74.144417
"1038",2017-03-14,76.540001,77,76.519997,76.599998,97200,74.202538
"1039",2017-03-15,76.5,76.639999,76.480003,76.599998,220400,74.202538
"1040",2017-03-16,76.68,76.68,76.599998,76.599998,300,74.202538
"1041",2017-03-17,77,77,76.599998,76.82,145800,74.415649
"1042",2017-03-20,77.279999,77.599998,77.199997,77.379997,45800,74.958122
"1043",2017-03-21,77.540001,80.599998,77.540001,80.599998,143700,78.077347
"1044",2017-03-22,79.980003,79.980003,78,78.199997,30800,75.752457
"1045",2017-03-23,78.480003,78.959999,78.300003,78.459999,59400,76.004326
"1046",2017-03-24,78.480003,78.480003,78.480003,78.480003,1100,76.023697
"1047",2017-03-27,78.480003,78.900002,78.400002,78.400002,11900,75.946205
"1048",2017-03-28,78.900002,78.900002,78.5,78.599998,308600,76.139938
"1049",2017-03-29,78.900002,78.900002,78.599998,78.620003,2200,76.159309
"1050",2017-03-30,78.919998,79.080002,78.620003,79,209500,76.52742
"1051",2017-03-31,NA,NA,NA,NA,NA,NA
"1052",2017-04-03,79.199997,79.480003,79,79.400002,317500,76.914909
"1053",2017-04-04,79,79.419998,79,79.400002,322900,76.914909
"1054",2017-04-05,79.400002,79.440002,79.400002,79.419998,7400,76.934273
"1055",2017-04-06,79.419998,79.82,79.419998,79.800003,154800,77.302391
"1056",2017-04-07,79.900002,79.900002,79.800003,79.879997,8400,77.379875
"1057",2017-04-10,79.879997,80.019997,79.879997,80,137100,77.496124
"1058",2017-04-11,79.800003,80.080002,79.800003,80,82000,77.496124
"1059",2017-04-12,80,81.980003,79.900002,81.980003,139200,79.414154
"1060",2017-04-13,80.300003,81.5,80.199997,81.199997,14700,78.658562
"1061",2017-04-14,80.120003,81,80.120003,80.339996,22500,77.825478
"1062",2017-04-17,81.980003,81.980003,80.339996,80.760002,35500,78.232338
"1063",2017-04-18,80.800003,81.300003,80.800003,81.300003,105500,78.75544
"1064",2017-04-19,81.300003,81.32,81.260002,81.300003,193400,78.75544
"1065",2017-04-20,81.199997,81.379997,81.199997,81.379997,1200,78.832932
"1066",2017-04-21,81.379997,81.5,81.379997,81.400002,4300,78.852303
"1067",2017-04-24,81.400002,81.400002,81.400002,81.400002,0,78.852303
"1068",2017-04-25,81.400002,82.5,81.400002,82.480003,23100,79.898506
"1069",2017-04-26,82,83.68,82,82.459999,359000,79.879128
"1070",2017-04-27,82.82,82.82,81.059998,82.300003,11600,79.724144
"1071",2017-04-28,82.300003,82.660004,81.599998,82,26100,79.433517
"1072",2017-05-02,82,82.660004,82,82.639999,64400,80.05349
"1073",2017-05-03,82.660004,83,82.660004,82.779999,103600,80.189117
"1074",2017-05-04,82.800003,83.199997,81.599998,82.199997,134300,79.627258
"1075",2017-05-05,82.5,83,82.199997,82.199997,166800,79.627258
"1076",2017-05-08,82.199997,82.5,82.199997,82.300003,4600,79.724144
"1077",2017-05-09,83.080002,83.300003,83,83,2500,80.402222
"1078",2017-05-11,83.300003,83.5,82.559998,82.559998,9100,79.97599
"1079",2017-05-12,83.099998,83.400002,83,83.300003,5100,80.692841
"1080",2017-05-15,83.300003,83.379997,82.800003,83.199997,23400,80.595955
"1081",2017-05-16,82.800003,82.800003,81,82.099998,33600,80.792778
"1082",2017-05-17,82.099998,82.199997,82.099998,82.099998,29200,80.792778
"1083",2017-05-18,82.040001,82.099998,81.599998,81.919998,65500,80.615646
"1084",2017-05-19,81.919998,82.080002,81.599998,81.980003,4300,80.674698
"1085",2017-05-22,81.980003,82.099998,81.599998,82,58000,80.694374
"1086",2017-05-23,82,82,81.980003,82,16300,80.694374
"1087",2017-05-24,82.279999,82.279999,81.440002,81.5,113100,80.202332
"1088",2017-05-25,81.5,81.5,81.300003,81.400002,232800,80.103928
"1089",2017-05-26,81.400002,81.559998,81.360001,81.540001,53600,80.241699
"1090",2017-05-29,81.540001,81.580002,81.360001,81.379997,116100,80.084244
"1091",2017-05-31,82,82.040001,81.900002,82,57100,80.694374
"1092",2017-06-01,82,82.300003,81.620003,82.300003,2200,80.989601
"1093",2017-06-02,81.599998,82.260002,81.599998,81.660004,4100,80.359795
"1094",2017-06-05,81.599998,82,81.599998,81.720001,105300,80.418831
"1095",2017-06-06,81.720001,81.879997,81.720001,81.779999,108800,80.477875
"1096",2017-06-07,81.779999,82.639999,81.760002,82.639999,70000,81.324188
"1097",2017-06-08,81.919998,83,81.919998,83,10600,81.678452
"1098",2017-06-09,82.900002,82.900002,82.599998,82.599998,1400,81.284821
"1099",2017-06-13,82.599998,82.800003,82.279999,82.599998,48200,81.284821
"1100",2017-06-14,83,83,82.540001,82.580002,56900,81.265144
"1101",2017-06-15,82.599998,83,82.599998,83,90600,81.678452
"1102",2017-06-16,82.959999,83.099998,82.959999,83.099998,80700,81.776855
"1103",2017-06-19,83,83.199997,82.980003,83,56400,81.678452
"1104",2017-06-20,83.279999,83.279999,82.720001,83.099998,1100,81.776855
"1105",2017-06-21,83,83.099998,82.959999,83,73100,81.678452
"1106",2017-06-22,82.860001,83.279999,82.739998,83.239998,30400,81.914635
"1107",2017-06-23,83.5,83.599998,83.440002,83.5,91600,82.170486
"1108",2017-06-26,83.459999,83.459999,83.459999,83.459999,0,82.131134
"1109",2017-06-27,83.459999,83.459999,83.459999,83.459999,0,82.131134
"1110",2017-06-28,83.5,83.599998,83.419998,83.5,50300,82.170486
"1111",2017-06-29,83.599998,83.599998,83.400002,83.480003,14000,82.15081
"1112",2017-06-30,83.5,85,83.440002,85,27400,83.646606
"1113",2017-07-03,84.900002,84.980003,84,84,1100,82.662529
"1114",2017-07-04,84.099998,84.099998,83.980003,84.019997,21400,82.682213
"1115",2017-07-05,84.5,84.5,84.080002,84.080002,1100,82.741257
"1116",2017-07-06,84.099998,84.139999,83.800003,84.080002,13600,82.741257
"1117",2017-07-07,85.199997,85.199997,83.800003,83.800003,3500,82.465721
"1118",2017-07-10,83.800003,84.040001,83.279999,83.559998,46700,82.22953
"1119",2017-07-11,83.519997,83.559998,83.419998,83.419998,40600,82.091766
"1120",2017-07-12,83.199997,83.620003,82.699997,83.5,47800,82.170486
"1121",2017-07-13,84,84.099998,83.699997,83.699997,72000,82.367302
"1122",2017-07-14,83.900002,84.059998,83.800003,84,156200,82.662529
"1123",2017-07-17,84,84.5,83.980003,84,108400,82.662529
"1124",2017-07-18,84.199997,84.199997,83.699997,83.900002,54000,82.564117
"1125",2017-07-19,84,84,83.900002,83.900002,72900,82.564117
"1126",2017-07-20,83.900002,83.900002,83.800003,83.900002,51500,82.564117
"1127",2017-07-21,84.5,84.5,83.099998,83.279999,102500,81.953987
"1128",2017-07-24,83,84.040001,83,83.919998,52300,82.583801
"1129",2017-07-25,83.919998,84,83.900002,83.980003,6300,82.642853
"1130",2017-07-26,84,84.199997,84,84.199997,45400,82.859344
"1131",2017-07-27,84.18,84.220001,83.800003,84.160004,76200,82.819984
"1132",2017-07-28,84.480003,84.480003,83.900002,83.919998,123300,82.583801
"1133",2017-07-31,84,84,83.919998,83.919998,363700,82.583801
"1134",2017-08-01,83.800003,83.919998,83.699997,83.919998,26200,82.583801
"1135",2017-08-02,83.620003,84,83.580002,84,17700,82.662529
"1136",2017-08-03,84,84,83.760002,84,4800,82.662529
"1137",2017-08-04,84,84.099998,83.739998,83.800003,4000,82.465721
"1138",2017-08-07,83.779999,84.199997,83.779999,84,82500,82.662529
"1139",2017-08-08,84,84.099998,83.940002,84.080002,116500,82.741257
"1140",2017-08-09,84.099998,84.099998,83.720001,84.019997,17500,82.682213
"1141",2017-08-10,84.099998,84.099998,84,84.080002,416900,82.741257
"1142",2017-08-11,84.080002,84.080002,83.980003,83.980003,23700,82.642853
"1143",2017-08-14,83.980003,84.239998,83.980003,84.099998,45000,82.760933
"1144",2017-08-15,84.099998,84.800003,84,84.099998,90000,82.760933
"1145",2017-08-16,84.099998,84.199997,84.099998,84.120003,47300,82.780617
"1146",2017-08-17,84.099998,85,84.099998,84.199997,7900,82.859344
"1147",2017-08-18,84.599998,84.599998,84.199997,84.199997,1000,82.859344
"1148",2017-08-21,84.199997,84.599998,84.199997,84.580002,44200,83.233299
"1149",2017-08-22,84.580002,84.580002,84.199997,84.5,4800,83.154564
"1150",2017-08-23,84.400002,84.5,84.139999,84.279999,103200,82.938065
"1151",2017-08-24,84,84.300003,84,84.199997,244300,82.859344
"1152",2017-08-25,84.239998,84.300003,84.160004,84.18,179500,82.839668
"1153",2017-08-28,84.199997,84.32,84.18,84.300003,236000,82.957756
"1154",2017-08-29,84.300003,84.5,84.199997,84.199997,56800,82.859344
"1155",2017-08-30,84.900002,85,84,84,57500,82.662529
"1156",2017-08-31,84,84,84,84,0,82.662529
"1157",2017-09-01,84,84,84,84,0,82.662529
"1158",2017-09-04,NA,NA,NA,NA,NA,NA
"1159",2017-09-05,85,85,84.139999,84.800003,12800,83.449799
"1160",2017-09-06,84.980003,85,84.260002,84.300003,344700,83.648247
"1161",2017-09-07,84.459999,85,84.440002,84.760002,158900,84.104691
"1162",2017-09-08,84.459999,85.720001,84.239998,84.419998,549900,83.767319
"1163",2017-09-11,84.5,85.800003,84.5,84.900002,270300,84.243607
"1164",2017-09-12,85.5,85.5,85,85.480003,61600,84.819122
"1165",2017-09-13,85.480003,85.480003,84.919998,85,16700,84.342834
"1166",2017-09-14,85.300003,85.300003,84.82,84.980003,46200,84.32299
"1167",2017-09-15,84.980003,85.980003,84.839996,85,176200,84.342834
"1168",2017-09-18,85,85.699997,85,85,5800,84.342834
"1169",2017-09-19,85.779999,85.779999,84.959999,85,22600,84.342834
"1170",2017-09-20,85.480003,85.480003,84.980003,85,601700,84.342834
"1171",2017-09-21,85,85.739998,84.900002,84.919998,2200,84.263451
"1172",2017-09-22,84.919998,84.919998,84.919998,84.919998,0,84.263451
"1173",2017-09-25,85.32,85.32,84.860001,84.900002,334500,84.243607
"1174",2017-09-26,84.900002,84.900002,84.540001,84.540001,6000,83.886391
"1175",2017-09-27,84.540001,85.5,84.540001,84.599998,17300,83.945923
"1176",2017-09-28,85.480003,85.480003,84.599998,84.68,223000,84.025307
"1177",2017-09-29,85.599998,85.599998,84.360001,84.800003,474900,84.144379
"1178",2017-10-02,84.739998,84.82,84.739998,84.800003,65900,84.144379
"1179",2017-10-03,85,85,84.760002,84.800003,260200,84.144379
"1180",2017-10-04,84.82,85,84.800003,84.919998,323900,84.263451
"1181",2017-10-05,84.919998,85.5,84.919998,84.980003,539700,84.32299
"1182",2017-10-06,84.980003,85.099998,84.980003,85.099998,902300,84.442055
"1183",2017-10-09,85.099998,85.199997,85,85.199997,561300,84.541283
"1184",2017-10-10,85,85.400002,85,85.199997,38100,84.541283
"1185",2017-10-11,85.400002,85.400002,85.220001,85.260002,560600,84.600822
"1186",2017-10-12,85.5,85.5,85.260002,85.5,506800,84.838966
"1187",2017-10-13,85.5,85.620003,85.5,85.599998,302300,84.938194
"1188",2017-10-16,85.400002,86,85.400002,85.800003,60400,85.13665
"1189",2017-10-17,85.779999,85.800003,85.760002,85.800003,81100,85.13665
"1190",2017-10-18,85.800003,85.800003,85.800003,85.800003,0,85.13665
"1191",2017-10-19,85.860001,86.220001,85.860001,85.980003,277600,85.315262
"1192",2017-10-20,86.360001,86.800003,85.519997,85.699997,195200,85.037415
"1193",2017-10-23,85.720001,86.199997,85.699997,86,399800,85.335098
"1194",2017-10-24,86.5,86.800003,86.120003,86.68,336100,86.009842
"1195",2017-10-25,86.68,86.68,86.519997,86.599998,62800,85.930458
"1196",2017-10-26,86.599998,86.599998,85.980003,86.599998,106400,85.930458
"1197",2017-10-27,86.199997,87.599998,86,87,64700,86.32737
"1198",2017-10-30,87.739998,87.82,87.099998,87.760002,112200,87.081497
"1199",2017-10-31,88,88.800003,88,88.5,113100,87.815773
"1200",2017-11-01,88.879997,89,87.980003,88,72800,87.319641
"1201",2017-11-02,88,88.599998,87.519997,87.940002,27100,87.260101
"1202",2017-11-03,88.5,88.5,87.779999,88,128100,87.319641
"1203",2017-11-06,90,90,88,88.199997,130400,87.518089
"1204",2017-11-07,88.18,88.18,87.5,88,582900,87.319641
"1205",2017-11-08,87.040001,88.739998,87.040001,88.5,401200,87.815773
"1206",2017-11-09,88.019997,88.5,87.879997,88.5,158900,87.815773
"1207",2017-11-10,88.5,88.779999,88.459999,88.779999,108700,88.093605
"1208",2017-11-13,88.599998,88.760002,88.5,88.639999,53900,87.954689
"1209",2017-11-14,92,94.839996,91.199997,91.300003,1223100,90.594131
"1210",2017-11-15,92,92.779999,91.279999,91.699997,596800,90.991028
"1211",2017-11-16,92.300003,92.300003,90.940002,91.5,218900,90.79258
"1212",2017-11-17,92.18,92.459999,89.519997,89.900002,484500,89.204948
"1213",2017-11-20,90.519997,92.779999,90.279999,90.540001,341200,89.840004
"1214",2017-11-21,90,90.400002,90,90.139999,377100,90.139999
"1215",2017-11-22,90.300003,90.300003,90.059998,90.160004,479600,90.160004
"1216",2017-11-23,92.580002,92.599998,90.32,91.980003,266500,91.980003
"1217",2017-11-24,92.040001,93.239998,91.019997,91.959999,213100,91.959999
"1218",2017-11-27,92.599998,93.959999,92,93,329400,93
"1219",2017-11-28,93.199997,94.440002,92.260002,93.160004,472400,93.160004
"1220",2017-11-29,93.900002,97,93.300003,94.5,491800,94.5
"1221",2017-11-30,94.5,97.300003,93.800003,97.300003,5054000,97.300003
"1222",2017-12-01,97.300003,97.300003,97.300003,97.300003,0,97.300003
"1223",2017-12-04,97.300003,98,97.279999,97.400002,331900,97.400002
"1224",2017-12-05,97.339996,97.82,97.300003,97.480003,292300,97.480003
"1225",2017-12-06,97.599998,99.779999,97.32,97.699997,187400,97.699997
"1226",2017-12-07,98.599998,102.400002,97.5,102.400002,604500,102.400002
"1227",2017-12-08,102.400002,102.400002,99,99.459999,243300,99.459999
"1228",2017-12-11,100,100.199997,99.480003,99.739998,229500,99.739998
"1229",2017-12-12,99.739998,100,99.599998,99.720001,541900,99.720001
"1230",2017-12-13,99.839996,100.099998,99.5,99.800003,297900,99.800003
"1231",2017-12-14,99.800003,99.900002,99.239998,99.800003,156600,99.800003
"1232",2017-12-15,99.800003,100,99.400002,100,398000,100
"1233",2017-12-18,100,100,99.400002,99.699997,158400,99.699997
"1234",2017-12-19,99.900002,101,99.019997,99.419998,93200,99.419998
"1235",2017-12-20,99.099998,101,99.099998,99.599998,69000,99.599998
"1236",2017-12-21,99.599998,100,99.18,100,117000,100
"1237",2017-12-22,99.639999,102,99.300003,102,69200,102
"1238",2017-12-25,102,102,102,102,0,102
"1239",2017-12-26,101.800003,101.800003,99.800003,100,19800,100
"1240",2017-12-27,100,100.300003,99.5,99.900002,15100,99.900002
"1241",2017-12-28,99.559998,102.900002,99.559998,102,182000,102
"1242",2017-12-29,100.099998,103.199997,100,103.199997,152800,103.199997
